,severity_proba
0,0.036439665
1,0.091251686
2,0.29402974
3,0.0036005531
4,0.6194772
5,0.0053766365
6,0.0078831
7,0.0019491155
8,0.12391665
9,0.28548944
10,0.0027138737
11,0.5418356
12,0.32221124
13,0.06436897
15,0.0457145
16,0.009337488
17,0.003227684
18,0.003306149
19,0.003780805
20,0.018976554
21,0.0072838347
22,0.0035064395
23,0.008951033
24,0.0072598835
25,0.32747295
26,0.0049939677
27,0.0030972813
28,0.004947333
29,0.005231987
31,0.2561269
33,0.027259769
34,0.5940266
35,0.07155694
36,0.1357628
37,0.31058046
38,0.013475158
39,0.0031366663
40,0.15027943
41,0.023207001
42,0.0050034095
43,0.0030837466
44,0.007238021
45,0.43183073
47,0.0596748
48,0.016341468
49,0.0013458778
50,0.019842891
51,0.0019396723
52,0.0031719697
53,0.00241947
54,0.32772782
55,0.0077512995
56,0.00524775
57,0.26709783
59,0.26828676
60,0.0027174682
61,0.1561291
62,0.50742054
63,0.025382865
64,0.0057050823
65,0.0920597
66,0.19893566
67,0.013622386
68,0.07108623
69,0.052179508
71,0.046463083
72,0.009706327
73,0.013753499
74,0.0041924263
75,0.1655225
76,0.0047313413
77,0.1289145
78,0.32783297
79,0.47608724
80,0.004026869
81,0.006114193
83,0.14068225
84,0.0034780505
85,0.045146804
86,0.05976753
88,0.38093743
89,0.009504006
90,0.47865868
91,0.3613544
92,0.10575695
93,0.60702413
94,0.1312992
95,0.25448477
96,0.5703155
97,0.7479028
98,0.041275807
99,0.18000433
100,0.3971882
101,0.2760632
102,0.3923381
103,0.0056013074
104,0.072368205
105,0.0151128685
106,0.20731062
107,0.004422504
108,0.40547082
109,0.0026067498
110,0.014293457
111,0.03551181
112,0.019324383
113,0.33078712
114,0.007754447
115,0.005518735
116,0.56795067
117,0.030913936
118,0.02558292
119,0.01801985
120,0.18390432
121,0.0023286797
122,0.73706365
123,0.16580774
124,0.010375964
125,0.00210343
126,0.05763377
127,0.46798846
128,0.06234829
129,0.0056960466
130,0.37092012
131,0.55039215
132,0.021301333
133,0.010518933
135,0.046850216
136,0.0045973863
137,0.015416647
140,0.45515797
141,0.25384971
142,0.04052696
143,0.15669996
144,0.029832382
145,0.12820536
146,0.12749352
147,0.015701033
148,0.41038096
149,0.028542446
150,0.004111462
152,0.0057181073
153,0.0036208904
154,0.46564212
155,0.118180305
156,0.0056717927
157,0.56734437
158,0.29247993
159,0.006888473
160,0.006254218
161,0.14890729
162,0.059040166
163,0.010315571
164,0.36171138
165,0.13587506
166,0.14221391
167,0.00429941
168,0.12291435
169,0.12425563
170,0.08064643
171,0.018043077
172,0.22596271
173,0.009826756
174,0.08460228
175,0.00519037
176,0.27069473
177,0.34027147
178,0.01171304
179,0.109622136
180,0.028028661
181,0.2921977
182,0.70900214
184,0.35867122
185,0.03426582
186,0.018083816
187,0.02705949
189,0.4495242
192,0.44084722
193,0.02656636
194,0.001908149
195,0.0055551147
196,0.0054264306
198,0.80320257
199,0.00587863
200,0.004180896
202,0.011457163
203,0.0070305555
204,0.0034148945
205,0.005485361
206,0.0052057244
207,0.0052402182
208,0.003247036
209,0.36496833
210,0.050719783
211,0.079558656
212,0.0141638545
213,0.0033856265
214,0.49319223
217,0.038738023
218,0.007838258
219,0.029930362
220,0.1459326
221,0.02294114
222,0.5338143
223,0.15663499
224,0.029387604
225,0.8129502
226,0.004822428
227,0.07685772
228,0.17079972
229,0.101941854
231,0.17772606
232,0.045824733
233,0.529438
235,0.49770075
236,0.10880059
237,0.022121597
239,0.0763059
240,0.07148303
243,0.003000692
244,0.07091567
246,0.006229101
247,0.0034376462
248,0.0034881532
249,0.005843669
250,0.035954893
251,0.011961234
252,0.008624411
253,0.013512666
254,0.0037704275
256,0.0033094063
257,0.031118229
258,0.004478435
259,0.005620098
260,0.0016278513
261,0.42775822
262,0.03553562
264,0.063904226
265,0.5689872
267,0.02315271
269,0.789189
270,0.10820653
272,0.011312309
273,0.69117945
274,0.5882222
275,0.16276506
276,0.010016974
277,0.0063170884
278,0.002850693
279,0.016667463
280,0.04046182
281,0.0046787946
282,0.03546962
283,0.07760386
285,0.020571344
286,0.0017950201
287,0.030755231
289,0.00715432
290,0.008077041
291,0.4095227
292,0.084696844
293,0.18427336
294,0.0031800463
295,0.003534813
296,0.0049127894
297,0.021074142
298,0.0028968677
299,0.042205647
300,0.035705876
303,0.049607873
304,0.009566897
306,0.0014998042
308,0.045889232
309,0.39495292
310,0.02729193
311,0.28334942
312,0.43683863
313,0.029442132
315,0.059535153
316,0.016987039
317,0.28485274
319,0.118931405
321,0.47117692
322,0.62421393
323,0.49268192
324,0.07356692
325,0.46292543
326,0.044441715
327,0.007864594
328,0.5582863
330,0.39787132
331,0.11827748
332,0.10270314
333,0.012423546
334,0.16062891
335,0.078833364
336,0.09199725
339,0.11018446
340,0.29149395
341,0.04226793
342,0.64881176
343,0.845569
344,0.79073244
345,0.2188538
346,0.025200492
347,0.008683581
348,0.5307868
349,0.120638944
350,0.4067269
353,0.21966502
354,0.6805102
355,0.17152387
356,0.07256067
357,0.0313073
358,0.12542123
359,0.015912604
360,0.6294316
361,0.038755305
362,0.17022768
363,0.33141756
364,0.4707544
365,0.075450644
366,0.003066542
368,0.008671496
369,0.06480249
370,0.04074273
371,0.04340169
372,0.0127008
373,0.04106914
374,0.035521448
375,0.045545198
378,0.003780444
379,0.0057767485
380,0.14719185
381,0.022266947
382,0.014692469
383,0.08723336
384,0.04589055
385,0.025707813
386,0.36337847
387,0.23197098
388,0.2200682
389,0.016889976
390,0.049789757
391,0.022918493
392,0.10925632
393,0.007852497
394,0.28968006
395,0.043106474
396,0.276091
397,0.2428205
398,0.006675568
399,0.009978732
400,0.028796813
401,0.57261884
404,0.0148056485
405,0.1320192
406,0.44010592
407,0.03614875
408,0.026542872
409,0.06044968
410,0.0019771513
411,0.05725887
412,0.02281758
413,0.016245674
414,0.022745283
415,0.004273395
416,0.07810643
417,0.04770678
418,0.35278016
420,0.055955335
421,0.13906851
422,0.004665493
423,0.19023372
424,0.14217423
425,0.11875922
426,0.05024253
427,0.16445558
428,0.019747285
429,0.035269465
430,0.11575879
431,0.24914326
434,0.008977301
435,0.42211372
436,0.051695086
437,0.17158611
438,0.0049195667
439,0.010506367
440,0.0053736256
441,0.31655023
442,0.0021634693
443,0.0036919778
444,0.18508379
445,0.004017179
448,0.41736808
449,0.011867925
450,0.019872831
453,0.022113405
454,0.004060811
455,0.20441452
456,0.008316026
458,0.0026652846
459,0.0026446609
460,0.012887959
461,0.14999121
463,0.022713924
464,0.028491763
465,0.49861953
467,0.0017416999
468,0.01442118
469,0.34339213
470,0.0025599394
471,0.010586805
472,0.0043436005
473,0.014504452
474,0.010524933
475,0.0017459797
476,0.013447307
477,0.0021585678
479,0.12877105
480,0.017256623
481,0.0024076952
482,0.21079431
483,0.076842174
484,0.017860454
486,0.0024076928
487,0.0040096245
488,0.016713182
490,0.004608104
491,0.00096036657
493,0.0072008884
494,0.24399443
495,0.15234321
496,0.5492149
497,0.14251542
498,0.060837425
499,0.10564449
500,0.004232088
501,0.53863424
502,0.040218428
503,0.014531598
504,0.007293937
505,0.11309255
506,0.012701457
507,0.0021600856
508,0.0027657186
510,0.023768894
511,0.53872955
512,0.007473192
513,0.087676086
514,0.010079461
519,0.42641327
520,0.0027498088
521,0.011043324
524,0.013048623
525,0.13724655
526,0.22745813
527,0.008856412
528,0.004692899
529,0.009138457
530,0.004999179
531,0.0066686473
532,0.0112024965
533,0.007082213
534,0.0056372723
535,0.0030382785
536,0.008440166
537,0.008251244
538,0.0064448873
539,0.005572493
540,0.03491974
542,0.007891921
544,0.00449077
545,0.0061676945
547,0.0014959147
548,0.0017162112
549,0.002717366
550,0.008186555
551,0.0075505283
552,0.011268019
554,0.0041410946
555,0.011624231
556,0.0052208165
557,0.003170188
558,0.0035202121
559,0.008562086
560,0.020064427
561,0.004784947
562,0.00903229
563,0.0086429315
566,0.5170119
567,0.06216826
568,0.0035594127
569,0.003965672
571,0.047311787
572,0.27195466
573,0.00650762
574,0.0033883774
575,0.0055255843
577,0.006804875
578,0.005539729
579,0.11008906
580,0.0085046785
581,0.013128399
583,0.0012397086
584,0.10891316
586,0.0023322417
587,0.0027746179
588,0.03125722
589,0.0011031843
590,0.0027753357
591,0.01030707
593,0.035050895
594,0.39358968
595,0.0041008405
596,0.002785095
597,0.022347173
598,0.0016414579
599,0.0033685137
600,0.15967162
601,0.0043748384
602,0.39294133
603,0.0076481756
605,0.51013863
606,0.018626617
607,0.026322136
608,0.28698575
609,0.12565498
610,0.006441941
611,0.0113277165
612,0.033346538
613,0.33255577
614,0.6225233
615,0.02115055
616,0.5177241
617,0.5772402
618,0.34351233
619,0.18854737
620,0.74549687
621,0.7594005
622,0.012498972
623,0.013622834
624,0.0008582073
625,0.15095203
626,0.030055195
627,0.0015346835
628,0.0019523888
629,0.035978757
630,0.00569298
632,0.012852097
633,0.0053006904
634,0.029376265
635,0.0026797836
637,0.0023718702
638,0.00602664
639,0.0025882341
640,0.0038954332
644,0.012754617
645,0.002584277
647,0.0028410438
653,0.0018811857
654,0.0051201694
656,0.0068918406
657,0.036474105
658,0.00209174
659,0.0030897935
660,0.0020305503
663,0.0010794696
664,0.0011890811
665,0.0052587045
668,0.0018305411
671,0.00249338
672,0.0128767425
673,0.00239862
676,0.0020419532
677,0.0010994709
679,0.014335071
680,0.002756659
681,0.028020652
682,0.09805407
687,0.0018879737
688,0.0084922705
689,0.004564397
690,0.0022921744
692,0.009280942
693,0.0009425482
695,0.002956597
697,0.002296193
698,0.021666711
699,0.0065281535
700,0.071083166
701,0.0058168536
702,0.014822169
703,0.15416464
704,0.0053473227
705,0.025070375
706,0.0635705
707,0.010748125
710,0.16110578
711,0.16603148
712,0.022287881
715,0.0013141674
716,0.0021303133
717,0.0012444503
718,0.010133673
719,0.003668542
720,0.0061506224
721,0.0020507681
722,0.008085504
723,0.009988336
724,0.14836477
725,0.002928086
726,0.0019308663
727,0.0021200702
728,0.0020754435
729,0.008033424
730,0.012495223
731,0.001206541
732,0.0046816138
733,0.0034667382
734,0.02436491
736,0.012274259
738,0.0015178944
739,0.003507573
741,0.004089246
743,0.0025088512
745,0.004486031
747,0.01282233
749,0.007713167
750,0.34058875
752,0.0034727908
753,0.018532448
754,0.046963073
755,0.0005083701
756,0.0020453047
757,0.083644524
758,0.029338509
760,0.6249703
761,0.023039311
762,0.11133439
763,0.28349265
764,0.008641727
765,0.06479872
766,0.0033887716
767,0.033582095
768,0.028895728
769,0.0070264353
770,0.04956038
771,0.0016482453
773,0.013436824
774,0.015285627
775,0.0011913406
776,0.050385386
777,0.027770752
778,0.00306936
779,0.0014763662
780,0.006773972
781,0.17713277
782,0.0012270223
783,0.15117313
784,0.53298205
785,0.31932503
786,0.011009291
787,0.0008854323
788,0.0075993147
790,0.43055424
791,0.10080586
792,0.0016673696
793,0.1363507
795,0.040077697
796,0.0021944281
798,0.6245161
800,0.0044791875
801,0.16922261
802,0.19218297
805,0.029193925
806,0.013321029
807,0.006769418
808,0.09009596
809,0.010270589
810,0.3402551
811,0.22221267
814,0.03765686
815,0.019059218
816,0.0091888225
817,0.10387726
819,0.15297125
820,0.008666502
821,0.01815781
823,0.09836611
824,0.0033732045
825,0.0020686307
826,0.004450748
827,0.005626001
829,0.11067658
830,0.021357588
833,0.013710057
834,0.052679434
835,0.009719734
837,0.0028401208
838,0.0016664513
839,0.0037454027
840,0.00074539613
841,0.046567664
843,0.019891119
844,0.0013669365
845,0.003313087
848,0.0010189149
850,0.0035614967
851,0.009731347
852,0.0073156036
853,0.011616754
854,0.003647425
855,0.28441978
857,0.0019752628
859,0.02542936
861,0.17252558
862,0.16095275
863,0.011002104
864,0.001207441
865,0.07727974
867,0.16836803
869,0.008417429
870,0.012284506
871,0.23614623
872,0.0023852466
873,0.03288825
874,0.008012842
876,0.013081794
878,0.002324088
879,0.0033814232
881,0.023890866
883,0.0092163775
884,0.011964485
886,0.0100501245
887,0.004329263
888,0.012189229
889,0.0024076744
890,0.0014156334
894,0.007826157
897,0.0009172178
898,0.0029695062
900,0.10113278
901,0.0040387088
903,0.005409488
906,0.04419872
908,0.013067784
909,0.004259719
910,0.0039578183
911,0.0010339466
912,0.004475685
913,0.025756909
915,0.0017991429
916,0.015235008
917,0.338739
918,0.030579364
920,0.53782487
921,0.6108633
923,0.0026305993
924,0.42168263
926,0.4048087
927,0.0022566637
928,0.0025942668
929,0.0023225867
930,0.0016214658
931,0.00087503693
932,0.028215066
933,0.001843184
935,0.0014571027
936,0.0021544523
937,0.0015449838
938,0.0033270498
939,0.0026305893
941,0.010008292
942,0.0023180807
943,0.0030039933
944,0.002358672
945,0.0014961055
946,0.0011837437
947,0.0015802515
948,0.00062377163
949,0.25160623
950,0.00087050674
951,0.0039870846
952,0.0033070226
953,0.0033216225
954,0.0010727451
955,0.0013596306
956,0.034341965
957,0.0016658565
958,0.0012255319
959,0.005501956
960,0.025269743
961,0.017056793
962,0.0022824232
963,0.0019946622
965,0.0007136559
966,0.0056100176
968,0.002510982
969,0.002329975
970,0.0011902943
971,0.0028396754
973,0.002696225
974,0.0051060566
975,0.0019023384
976,0.0016057433
980,0.0017829677
981,0.0014021172
982,0.005045462
983,0.0014813225
984,0.000844865
985,0.0006129293
986,0.0021210902
987,0.0014708325
988,0.0007094436
989,0.0065542166
990,0.019096565
991,0.0048802136
992,0.01771844
995,0.0015297653
996,0.007387739
997,0.001986841
998,0.0015288506
999,0.6165537
1000,0.0018990799
1001,0.00095685857
1003,0.0029756962
1006,0.004040712
1009,0.0011827276
1010,0.001330709
1011,0.00442385
1012,0.18463106
1013,0.36946505
1014,0.59875095
1016,0.008116681
1017,0.0007366433
1019,0.025935594
1021,0.0032466133
1022,0.0035615966
1023,0.37968364
1024,0.10088171
1025,0.013721151
1026,0.014615602
1027,0.012143074
1028,0.3517319
1029,0.039160997
1030,0.024439503
1032,0.11251056
1034,0.0022772786
1035,0.0066761435
1036,0.16175617
1037,0.015062212
1038,0.0049562026
1039,0.0024931096
1040,0.08877118
1041,0.15989208
1042,0.019542849
1043,0.009274926
1044,0.24189527
1045,0.34894586
1046,0.0015647025
1047,0.061889444
1050,0.5458367
1051,0.49206457
1052,0.0054419693
1053,0.011268927
1054,0.0014376383
1056,0.019283336
1057,0.029654095
1058,0.13073844
1061,0.0022954752
1062,0.035319235
1063,0.0140460115
1064,0.002068415
1065,0.004841273
1066,0.0024788445
1067,0.0013577479
1068,0.0021609652
1069,0.006360873
1070,0.015621754
1071,0.05087472
1072,0.031076707
1073,0.0030396366
1074,0.015999805
1075,0.008890338
1076,0.0035680041
1077,0.007837785
1078,0.032619435
1079,0.0010568192
1080,0.40388012
1081,0.02513382
1082,0.072887756
1083,0.009080927
1084,0.088413455
1085,0.020091021
1086,0.009273177
1087,0.111014865
1088,0.0063242307
1090,0.019426124
1091,0.7031187
1092,0.37142822
1093,0.004705737
1094,0.08563616
1095,0.002546121
1096,0.0020764957
1097,0.007785445
1098,0.034448016
1099,0.013596372
1100,0.0046573533
1101,0.23656581
1102,0.10183279
1103,0.12071386
1104,0.00095058733
1105,0.0054493574
1106,0.001290748
1107,0.0027071945
1108,0.0027388856
1109,0.43339208
1110,0.07425374
1111,0.0022451817
1112,0.0065140915
1113,0.8175889
1114,0.016429849
1115,0.0020912841
1116,0.01035282
1117,0.0009411192
1118,0.0050117867
1119,0.0027090902
1120,0.003562504
1121,0.002906565
1122,0.00642095
1123,0.0070026414
1124,0.0035501246
1125,0.0018155256
1126,0.045168143
1129,0.001938003
1130,0.1251172
1131,0.2905995
1132,0.0044665183
1134,0.53362125
1136,0.12454545
1137,0.6294117
1138,0.56779087
1139,0.46435618
1140,0.34489074
1141,0.7128562
1142,0.8050498
1143,0.031506274
1144,0.15058717
1146,0.2607535
1147,0.017642222
1148,0.0935149
1149,0.008361233
1150,0.007550603
1152,0.36555672
1153,0.01068518
1154,0.265797
1155,0.028499532
1156,0.03355302
1157,0.5905522
1158,0.00936906
1159,0.008775118
1160,0.63401914
1161,0.017339913
1162,0.17263563
1163,0.56219673
1165,0.06274741
1166,0.003740218
1167,0.15609105
1168,0.00661034
1170,0.025838299
1171,0.049203347
1172,0.03999175
1173,0.003908065
1174,0.052162763
1175,0.35027307
1176,0.0024472184
1177,0.0057593617
1178,0.024990922
1179,0.005877248
1180,0.009979075
1181,0.005094162
1182,0.021957623
1183,0.6003688
1184,0.0018614368
1186,0.5095068
1187,0.27450702
1188,0.003216622
1189,0.0060148262
1190,0.022505224
1191,0.01838767
1192,0.0040388834
1193,0.002253915
1194,0.0098269
1195,0.018386932
1196,0.0034783874
1197,0.011484713
1198,0.0028769705
1199,0.048675127
1200,0.11265912
1201,0.3176501
1202,0.14884351
1203,0.20025548
1204,0.021122608
1205,0.24693017
1206,0.007551149
1207,0.0056158304
1208,0.018240461
1209,0.082161434
1210,0.0070438795
1211,0.084233485
1212,0.2937534
1213,0.23099646
1215,0.36969724
1216,0.41139972
1217,0.14302327
1218,0.4280295
1219,0.31583923
1220,0.051104687
1222,0.606953
1223,0.13514835
1224,0.0070357337
1225,0.13340051
1226,0.31343725
1227,0.0054631075
1228,0.033973422
1229,0.3406508
1230,0.009489253
1231,0.011950975
1232,0.013944835
1233,0.66573256
1234,0.05332114
1235,0.008049989
1236,0.043157313
1237,0.02208387
1238,0.015818644
1239,0.0551852
1240,0.017033553
1241,0.010175261
1242,0.34342757
1243,0.014541879
1244,0.0045160674
1245,0.08348464
1246,0.00902723
1248,0.19835712
1249,0.1144079
1250,0.35360938
1251,0.35826373
1252,0.8132747
1254,0.02372173
1255,0.3214533
1257,0.017500818
1258,0.0019646906
1259,0.1455598
1260,0.4638923
1261,0.26606724
1263,0.09671889
1264,0.011051675
1265,0.0039963513
1266,0.6995151
1267,0.6055609
1268,0.25797826
1269,0.13537809
1270,0.010824768
1271,0.00929812
1273,0.003016178
1274,0.006510247
1275,0.0058400277
1277,0.034328446
1278,0.11657983
1281,0.32930565
1283,0.014991762
1284,0.46572965
1285,0.21152745
1286,0.0803506
1287,0.63528675
1288,0.10341915
1289,0.64456373
1290,0.67948043
1291,0.7154445
1292,0.052091517
1293,0.021949556
1294,0.44122374
1297,0.027891975
1298,0.497493
1299,0.78922784
1300,0.011067906
1302,0.16676195
1303,0.0147078
1304,0.12869957
1306,0.051682755
1307,0.015449904
1308,0.0653264
1309,0.00794143
1310,0.4774009
1311,0.0019288614
1312,0.0025670219
1313,0.39886755
1314,0.20708443
1315,0.011988286
1316,0.62424576
1317,0.041880745
1318,0.007068757
1319,0.50792223
1321,0.6808319
1322,0.013209583
1323,0.0032005142
1324,0.0063143745
1325,0.007002449
1326,0.0032817193
1328,0.018588476
1329,0.76230735
1330,0.16612239
1331,0.9290591
1332,0.78855217
1333,0.8554368
1335,0.59181845
1336,0.46413952
1338,0.73076326
1339,0.0011820974
1340,0.023694143
1341,0.0017138892
1342,0.0141653055
1343,0.0056285327
1344,0.78474605
1345,0.0029657574
1346,0.05868509
1347,0.033535033
1348,0.25348735
1349,0.05026685
1350,0.17617607
1351,0.010091263
1352,0.022667646
1353,0.005183717
1354,0.012839267
1356,0.03221756
1357,0.007096983
1358,0.3798048
1359,0.0060131275
1360,0.043364998
1361,0.0026338152
1363,0.0053747245
1364,0.049714833
1365,0.004234329
1366,0.007635266
1367,0.00893041
1368,0.42397588
1369,0.42334658
1370,0.005737497
1371,0.11080383
1372,0.008514197
1373,0.023998097
1374,0.015993537
1375,0.15239868
1376,0.39712662
1377,0.10682062
1378,0.34024537
1379,0.015517097
1380,0.16583577
1381,0.038809538
1382,0.14912409
1383,0.00775964
1384,0.018736696
1385,0.03537758
1386,0.30414394
1387,0.00951053
1388,0.056724813
1389,0.024215244
1390,0.012048988
1391,0.009348353
1392,0.12556952
1393,0.0860704
1394,0.020800121
1395,0.085126944
1396,0.005556753
1397,0.010076513
1398,0.0027563416
1399,0.12656662
1400,0.0036228162
1401,0.01625005
1402,0.060818695
1403,0.08727359
1404,0.012102142
1405,0.4861199
1406,0.0042779264
1407,0.36556527
1408,0.010164403
1409,0.055351887
1410,0.2693329
1411,0.01660603
1412,0.35188946
1413,0.55482376
1414,0.03253382
1415,0.0067137387
1416,0.0026640934
1417,0.013111216
1418,0.007784988
1419,0.0053378125
1420,0.0963698
1421,0.005693072
1422,0.005427358
1423,0.0032382729
1424,0.010115317
1425,0.018797234
1426,0.003569659
1427,0.023721647
1428,0.009067797
1429,0.0022821028
1430,0.0051981364
1431,0.006011594
1432,0.0054982184
1433,0.0154972365
1434,0.019559955
1435,0.0033408774
1437,0.03105981
1438,0.29769996
1439,0.003987728
1440,0.08689852
1442,0.01617292
1443,0.0024321459
1444,0.008176792
1445,0.023935262
1447,0.38457787
1448,0.011397963
1450,0.008002423
1451,0.012449049
1452,0.3724337
1453,0.12069245
1454,0.028211158
1455,0.084931076
1456,0.2820944
1457,0.23551166
1458,0.25634935
1459,0.004056287
1460,0.04326471
1461,0.11151513
1462,0.009271925
1463,0.027191153
1464,0.024696842
1465,0.37961262
1466,0.095388375
1468,0.0055212365
1469,0.0043611377
1470,0.0036094238
1471,0.003781502
1473,0.075238705
1475,0.5835145
1477,0.010567278
1479,0.448178
1483,0.19798186
1484,0.015750729
1488,0.0010139565
1493,0.42325214
1494,0.0030239942
1496,0.29070395
1498,0.21277884
1499,0.057811923
1501,0.63179535
1502,0.43416145
1503,0.15853658
1504,0.7755989
1505,0.4590829
1506,0.005957055
1507,0.012747373
1508,0.0110134
1509,0.0039779446
1510,0.004568128
1511,0.08220278
1512,0.104874805
1513,0.06826303
1516,0.010951966
1517,0.27449238
1518,0.66543037
1519,0.3793663
1520,0.0036670244
1523,0.010053119
1524,0.4531693
1525,0.004653948
1527,0.112448074
1528,0.018980207
1529,0.09822361
1530,0.11363251
1532,0.08330417
1533,0.069607265
1534,0.36391416
1535,0.009255054
1537,0.093702294
1538,0.1499921
1539,0.07954516
1540,0.08242817
1541,0.07427862
1543,0.10951545
1544,0.08971185
1545,0.025832664
1546,0.12374107
1548,0.24977969
1549,0.0008221427
1550,0.005142169
1551,0.008514104
1552,0.015571247
1553,0.0021494646
1554,0.004248803
1555,0.0052568587
1556,0.013868199
1557,0.11102431
1558,0.14482068
1559,0.018928438
1560,0.36786634
1561,0.0068613663
1562,0.072911784
1564,0.08299842
1565,0.013181983
1566,0.011277792
1568,0.020917855
1569,0.011207246
1571,0.04904124
1572,0.12802361
1573,0.106860705
1574,0.21381128
1575,0.36835885
1576,0.013393555
1577,0.010299655
1578,0.020413792
1579,0.004167356
1580,0.06555144
1581,0.24715313
1583,0.18122552
1584,0.14034045
1585,0.08200561
1586,0.017994246
1587,0.06436699
1588,0.01846604
1589,0.094397515
1590,0.07522277
1591,0.12012058
1592,0.08752294
1593,0.0346281
1594,0.042404234
1595,0.1721309
1596,0.020403625
1597,0.013620182
1598,0.11956675
1599,0.0129659185
1600,0.009490127
1601,0.009197191
1603,0.096859775
1604,0.019705312
1605,0.17686497
1608,0.005941489
1609,0.09736841
1610,0.006852748
1612,0.10275168
1613,0.0044322438
1614,0.0046595065
1615,0.3980444
1616,0.0500759
1617,0.113477804
1618,0.007904228
1619,0.0074796113
1620,0.37241393
1621,0.011929217
1622,0.41073546
1623,0.096244484
1626,0.18257539
1627,0.006898008
1628,0.17069611
1629,0.6298557
1631,0.19294737
1632,0.05496168
1633,0.012958994
1634,0.0071623544
1635,0.38723007
1636,0.07387239
1637,0.75551933
1638,0.34770682
1639,0.007789634
1641,0.07301309
1642,0.1266971
1643,0.055178586
1644,0.0048642354
1645,0.3581523
1646,0.0026845182
1647,0.06821982
1648,0.013623879
1649,0.38657054
1650,0.007912586
1651,0.0018204751
1652,0.003199243
1654,0.029947763
1655,0.02402626
1656,0.061473526
1657,0.006925013
1658,0.07364678
1659,0.027096806
1660,0.060606323
1661,0.07368676
1662,0.16273037
1663,0.004426606
1665,0.008012578
1666,0.0042780484
1667,0.018131426
1668,0.025855575
1669,0.107369035
1670,0.025451131
1671,0.012577658
1672,0.04092588
1673,0.35607296
1674,0.016504167
1675,0.0028473889
1676,0.0023703566
1677,0.09772627
1678,0.002894673
1679,0.3526542
1680,0.44672891
1681,0.17285292
1682,0.39844233
1683,0.34130624
1684,0.10842778
1685,0.013172105
1686,0.25635812
1688,0.37948716
1689,0.002349847
1690,0.0026156662
1691,0.007773011
1692,0.00059732085
1693,0.013211218
1695,0.1273588
1696,0.23053306
1697,0.037807234
1698,0.043114234
1699,0.05283974
1700,0.042048585
1701,0.22732864
1702,0.032129448
1703,0.03748462
1704,0.28670344
1705,0.022316903
1706,0.010920354
1707,0.046734348
1708,0.00515508
1709,0.029868323
1710,0.009838
1712,0.005991995
1713,0.0025057148
1714,0.18026212
1715,0.07008896
1717,0.017456932
1718,0.00621841
1720,0.004378086
1721,0.0017824976
1722,0.3005255
1723,0.0013366116
1726,0.030596877
1727,0.027595256
1728,0.05789486
1729,0.0015794641
1730,0.08910414
1731,0.0019393724
1732,0.11398238
1733,0.020123249
1734,0.0043823365
1735,0.009591761
1736,0.002156571
1738,0.011375321
1739,0.07241241
1740,0.035628997
1742,0.031384293
1743,0.11714518
1744,0.013733934
1745,0.025225876
1746,0.239873
1747,0.12296969
1748,0.014055629
1749,0.007644807
1750,0.50561637
1751,0.42486295
1752,0.01037803
1753,0.009462403
1754,0.44379768
1755,0.05089606
1756,0.312745
1757,0.034541853
1758,0.017916918
1759,0.0048375432
1760,0.32070377
1761,0.03612895
1763,0.012293681
1764,0.18640901
1765,0.00159136
1766,0.040902995
1768,0.15571183
1769,0.0050690155
1770,0.005292202
1771,0.28807384
1772,0.043297715
1773,0.21859202
1774,0.003309287
1775,0.0045311414
1776,0.015497915
1777,0.007547434
1778,0.008164534
1779,0.15644756
1780,0.1049023
1781,0.0057318304
1782,0.0036043054
1783,0.015645852
1784,0.023194958
1785,0.01172782
1786,0.03796462
1787,0.0050242073
1788,0.33490324
1789,0.006826208
1790,0.01547627
1791,0.054448716
1793,0.006225855
1794,0.04527192
1795,0.0038666367
1796,0.0051392526
1797,0.016139686
1798,0.007985282
1800,0.0037376832
1801,0.041005403
1802,0.0043756445
1803,0.0042623496
1804,0.010406011
1806,0.0068341293
1807,0.057954054
1808,0.012027426
1809,0.0064505013
1810,0.02371914
1811,0.015699325
1812,0.0058947643
1813,0.009438063
1814,0.0012569454
1815,0.008137811
1816,0.0032354991
1817,0.74518
1818,0.008022654
1819,0.0046198117
1821,0.13210113
1822,0.0017967827
1823,0.3430888
1824,0.0009014588
1825,0.06927822
1826,0.036834493
1827,0.004531982
1828,0.10216835
1829,0.008343156
1830,0.0045756577
1831,0.0056394823
1832,0.007745156
1833,0.002854184
1834,0.04885853
1835,0.004782005
1836,0.009140629
1837,0.0029036272
1838,0.013746121
1839,0.011677882
1840,0.01271098
1841,0.019598009
1842,0.026861003
1843,0.033254232
1844,0.0062611685
1845,0.0026087004
1846,0.00462742
1848,0.015434265
1850,0.65409005
1851,0.004361566
1852,0.0035274893
1853,0.01707692
1854,0.04919562
1856,0.0021947215
1857,0.0033670543
1858,0.016289186
1859,0.0031852259
1860,0.0061734696
1861,0.005348395
1862,0.0017167027
1863,0.3697289
1864,0.0020054383
1865,0.0022374464
1866,0.010498553
1867,0.032229155
1868,0.007962187
1869,0.007945534
1871,0.86891186
1872,0.0091927
1873,0.09455501
1874,0.0078110723
1876,0.12681063
1878,0.38551247
1880,0.47824463
1882,0.114831574
1884,0.07156636
1885,0.08598155
1888,0.008670209
1889,0.02202951
1890,0.0044605616
1891,0.022933334
1892,0.58300173
1893,0.12307548
1894,0.013790312
1895,0.5007537
1896,0.008528402
1897,0.06586979
1898,0.35588592
1900,0.0033245112
1901,0.0021852655
1904,0.024141682
1906,0.0119694425
1907,0.033254467
1908,0.17610328
1909,0.0071150158
1910,0.008120779
1911,0.011314245
1912,0.01922976
1913,0.14174838
1914,0.38702664
1915,0.12758526
1916,0.049318407
1917,0.0047257445
1918,0.05295312
1919,0.008558411
1920,0.0074660727
1921,0.018042676
1922,0.0036730117
1924,0.007146324
1925,0.008735131
1926,0.068962574
1928,0.0015377393
1929,0.0041614375
1930,0.001944098
1931,0.012671201
1932,0.0014431772
1933,0.013043502
1934,0.0061342707
1935,0.002433008
1936,0.02592585
1937,0.008371713
1938,0.017639745
1939,0.019340103
1941,0.52583927
1942,0.0051703593
1943,0.15119003
1944,0.0054816892
1945,0.0025102992
1946,0.017327866
1947,0.013559567
1950,0.11612548
1951,0.5863108
1952,0.058264755
1953,0.0025556085
1954,0.24403347
1955,0.003032426
1956,0.0052665924
1958,0.006479328
1959,0.0072953803
1960,0.27979788
1961,0.011519519
1962,0.01476808
1963,0.47558
1964,0.42870307
1966,0.7667688
1967,0.002531245
1968,0.0069152247
1969,0.0042609004
1971,0.015435346
1972,0.004557115
1973,0.006114838
1974,0.010031715
1975,0.014502238
1976,0.4201969
1977,0.0049651256
1978,0.0028710316
1979,0.06256525
1980,0.003357448
1981,0.013200263
1982,0.005659192
1983,0.0029441675
1984,0.0098197
1985,0.15808974
1987,0.31612304
1988,0.0930301
1989,0.0062444457
1990,0.019718146
1992,0.0037313178
1993,0.004444458
1994,0.02378517
1996,0.0044737603
1997,0.0057715666
1999,0.03895295
2000,0.009124719
2001,0.0061968006
2002,0.0028531286
2003,0.008249617
2004,0.015272691
2005,0.003141095
2006,0.004096422
2007,0.08321202
2008,0.1884548
2009,0.03441214
2010,0.16791336
2011,0.024883932
2012,0.005675026
2014,0.002052752
2015,0.047756016
2016,0.13455865
2017,0.05238112
2018,0.07192425
2019,0.054140866
2021,0.06762846
2023,0.03792256
2024,0.13525003
2025,0.02199267
2026,0.1148357
2027,0.0027805401
2028,0.005031316
2029,0.1957146
2030,0.022432348
2031,0.25662836
2032,0.15422274
2033,0.10975778
2035,0.008664993
2039,0.0052358704
2041,0.002790055
2042,0.38634342
2043,0.02010544
2044,0.06867652
2045,0.0067318855
2046,0.3982899
2047,0.59780425
2048,0.038528163
2049,0.11476706
2050,0.010405712
2051,0.63588154
2052,0.007796373
2053,0.0058328942
2054,0.046463385
2055,0.010964276
2056,0.19025329
2058,0.22317572
2061,0.48425984
2062,0.62035704
2063,0.252966
2065,0.42477086
2066,0.3384499
2067,0.766991
2069,0.06890527
2070,0.2144954
2072,0.15080582
2073,0.6194972
2074,0.4633455
2075,0.089222595
2076,0.14671084
2077,0.09605846
2078,0.12103476
2079,0.024702394
2080,0.0040052473
2081,0.022564221
2082,0.037460025
2083,0.0019751734
2084,0.010025253
2085,0.002718435
2086,0.001136307
2087,0.0011537584
2088,0.008891549
2089,0.002394182
2090,0.0021371678
2091,0.0020530508
2092,0.0007013505
2093,0.0040381067
2095,0.0007204243
2096,0.008195061
2097,0.0010991116
2098,0.0022909117
2099,0.011244609
2100,0.00572831
2101,0.004679323
2102,0.0019012938
2103,0.071013734
2104,0.005691968
2105,0.45182005
2106,0.0020124498
2108,0.002773403
2109,0.001496892
2110,0.0018963251
2111,0.0034663493
2113,0.006471009
2114,0.0035616765
2115,0.0020247954
2116,0.005436173
2118,0.0040876074
2119,0.026720613
2120,0.0013740093
2121,0.32920495
2122,0.0031334087
2123,0.0041590924
2124,0.19174892
2125,0.0053910934
2126,0.18133491
2127,0.0023461664
2129,0.23444685
2130,0.047260106
2131,0.02555361
2132,0.17462856
2133,0.009823663
2134,0.009720303
2135,0.0010750445
2136,0.0037995619
2137,0.0034416968
2138,0.022626316
2140,0.27268222
2141,0.05193215
2142,0.88271284
2143,0.0080671115
2144,0.006567836
2145,0.40451267
2146,0.00883593
2147,0.020335466
2148,0.23938292
2149,0.012338676
2150,0.011296352
2151,0.0036802343
2152,0.3120118
2153,0.19129467
2154,0.6870166
2155,0.86290425
2156,0.009875868
2157,0.09666497
2158,0.015531643
2159,0.19860879
2160,0.08167301
2161,0.21396174
2162,0.0021697227
2163,0.00823236
2164,0.018285101
2165,0.010358493
2167,0.010652265
2169,0.04942267
2170,0.0015798085
2172,0.015843593
2173,0.10766885
2174,0.002981051
2175,0.050898567
2176,0.007455956
2177,0.002987998
2178,0.02712727
2179,0.3781547
2180,0.021644095
2182,0.012329971
2183,0.055716272
2185,0.015651098
2186,0.002967131
2187,0.0043613636
2189,0.45055738
2190,0.0053943447
2191,0.7481837
2192,0.11310147
2193,0.0385052
2194,0.010353958
2195,0.009865593
2196,0.1143608
2197,0.04360169
2198,0.0069393483
2200,0.10477622
2202,0.004191608
2204,0.04254711
2205,0.12920295
2206,0.014883073
2207,0.86624324
2208,0.05933435
2209,0.6437643
2210,0.32820153
2211,0.3636588
2212,0.024424642
2213,0.0051949443
2215,0.4999483
2217,0.6922901
2218,0.005635885
2219,0.8225139
2220,0.8644189
2224,0.096608356
2226,0.43783796
2228,0.38198408
2229,0.78136444
2230,0.656386
2231,0.53779477
2232,0.0765133
2233,0.91841495
2235,0.062943675
2236,0.009529765
2237,0.06500796
2239,0.33991894
2241,0.027300633
2242,0.044336256
2244,0.42388973
2246,0.46185866
2247,0.012830391
2248,0.011177172
2251,0.62387204
2253,0.49460772
2254,0.12390568
2255,0.040031087
2256,0.030397346
2257,0.40956405
2258,0.031628426
2259,0.010412868
2260,0.06281265
2261,0.032209974
2262,0.020865796
2263,0.572748
2264,0.07378055
2265,0.33869886
2267,0.2299393
2268,0.33614472
2269,0.016387852
2271,0.12179349
2272,0.18162595
2273,0.8634436
2274,0.4204185
2275,0.0053526005
2276,0.06381121
2277,0.3409155
2278,0.071708076
2279,0.18700339
2280,0.006237998
2281,0.014330974
2282,0.040676177
2283,0.007232706
2284,0.005999349
2285,0.3814625
2286,0.026605511
2288,0.0077801202
2289,0.04975848
2290,0.035634656
2291,0.013307199
2292,0.29635286
2293,0.5344978
2295,0.007473161
2297,0.034789033
2298,0.038292956
2301,0.043950066
2302,0.025595482
2304,0.050735943
2305,0.012843806
2306,0.5347451
2307,0.4291535
2308,0.0043508615
2309,0.4873773
2310,0.0020952697
2311,0.002106443
2315,0.4874845
2321,0.007213332
2322,0.6169403
2324,0.0477531
2326,0.24896687
2327,0.47836047
2329,0.6612135
2330,0.0022284673
2331,0.24691232
2332,0.066926666
2334,0.0095516415
2335,0.90137196
2337,0.62896055
2338,0.12334835
2340,0.20479706
2342,0.09014335
2343,0.3469957
2344,0.037674353
2345,0.0035202526
2346,0.033250753
2347,0.48771408
2348,0.0077530597
2350,0.07439477
2351,0.005602644
2352,0.0062381458
2353,0.002667146
2354,0.22148414
2355,0.05277734
2356,0.006307487
2357,0.023812694
2358,0.0064756484
2359,0.009909744
2360,0.005185709
2361,0.0015171019
2362,0.0017277458
2363,0.0041854125
2364,0.1866565
2365,0.05628944
2366,0.03226591
2367,0.091002904
2368,0.042443182
2369,0.008138751
2370,0.0044512716
2371,0.0073229247
2372,0.0092017725
2373,0.62034005
2374,0.032625496
2375,0.1108228
2376,0.00454477
2377,0.7306793
2378,0.023905942
2379,0.2595727
2380,0.60203916
2381,0.1727112
2382,0.10540966
2383,0.61506736
2385,0.59045225
2386,0.38304555
2387,0.24339238
2388,0.24886465
2389,0.095138505
2390,0.6816855
2391,0.5324952
2392,0.04960361
2393,0.3375168
2394,0.19806828
2395,0.07052185
2396,0.42515963
2397,0.05273197
2398,0.009268578
2400,0.15640816
2401,0.21126811
2404,0.5424191
2405,0.026815819
2407,0.010787641
2408,0.0039274064
2409,0.0961579
2410,0.0055819494
2411,0.14968146
2412,0.007748451
2413,0.4662029
2414,0.0116607305
2415,0.06689346
2416,0.13077934
2417,0.006334418
2418,0.3061993
2419,0.0026905036
2421,0.22876684
2422,0.005219019
2423,0.0032926165
2424,0.31853113
2425,0.35949707
2426,0.88874686
2427,0.0376898
2428,0.24197504
2429,0.0014556713
2430,0.16878557
2431,0.13639307
2432,0.121306635
2433,0.0027432134
2434,0.027089706
2435,0.0046818736
2436,0.005962756
2437,0.011281791
2438,0.013682121
2439,0.26121902
2441,0.11322973
2442,0.0077136056
2443,0.3766699
2445,0.18495347
2446,0.005440988
2447,0.007820838
2448,0.0020300692
2449,0.021329574
2450,0.047852103
2452,0.0030496398
2453,0.004239004
2454,0.0020392314
2455,0.0045708236
2456,0.0052104285
2457,0.018697277
2458,0.0123952795
2459,0.0014023676
2460,0.0036668903
2461,0.23000494
2462,0.08742661
2463,0.025833312
2465,0.0042534457
2466,0.104822226
2467,0.04860506
2469,0.038699105
2470,0.0046512163
2471,0.0136369895
2472,0.0025013436
2473,0.12610279
2475,0.02050279
2476,0.0031136083
2477,0.012778524
2478,0.11508677
2479,0.00379542
2480,0.12547632
2481,0.0055972743
2482,0.017958548
2483,0.069626816
2485,0.013603427
2486,0.008020416
2487,0.1044706
2489,0.0049073403
2490,0.010325452
2491,0.045085896
2492,0.4776957
2493,0.010774805
2494,0.012273669
2495,0.007823814
2496,0.10023363
2497,0.2952945
2498,0.022069743
2499,0.01168112
2500,0.2330589
2501,0.031201823
2502,0.0037664406
2504,0.16968723
2505,0.00304459
2506,0.0026252137
2507,0.001913527
2509,0.0027196284
2510,0.023282554
2511,0.08466639
2512,0.027943123
2513,0.10274673
2514,0.01220762
2515,0.07178566
2516,0.043859266
2517,0.010725085
2518,0.016854575
2519,0.116841786
2520,0.004677064
2521,0.34581777
2522,0.008741301
2523,0.07672463
2524,0.07482506
2525,0.30281872
2526,0.24226838
2527,0.27396926
2528,0.009411118
2529,0.2445386
2530,0.39906934
2531,0.047627307
2533,0.046315663
2534,0.11814678
2535,0.07520935
2536,0.35389838
2537,0.051978335
2538,0.0073231254
2539,0.0366906
2540,0.33043882
2541,0.17305
2542,0.004488587
2543,0.08422138
2544,0.008865593
2545,0.08856956
2546,0.008563292
2547,0.32074907
2548,0.097588085
2549,0.32209742
2550,0.029357824
2551,0.21003118
2552,0.021407062
2553,0.016386317
2554,0.038196452
2555,0.02626297
2556,0.01931232
2557,0.13961035
2559,0.016222265
2560,0.46199307
2561,0.54802775
2562,0.068975694
2563,0.083553724
2564,0.0425667
2565,0.0038419433
2566,0.5543285
2568,0.06168356
2569,0.003368637
2570,0.2012123
2571,0.024212824
2573,0.10536711
2574,0.0023340508
2575,0.0046875942
2576,0.005482888
2577,0.009682216
2578,0.023886628
2579,0.023227658
2580,0.30011424
2581,0.46577844
2582,0.46454176
2583,0.40371117
2584,0.011979365
2585,0.011889439
2586,0.0776607
2587,0.011587337
2588,0.50948256
2589,0.19428848
2591,0.5554988
2593,0.03639412
2594,0.1311276
2596,0.016319271
2597,0.0025769165
2599,0.72151893
2600,0.80616724
2605,0.26062474
2606,0.2824004
2607,0.023402099
2608,0.5187956
2609,0.49435917
2610,0.7370002
2611,0.26234418
2612,0.5146069
2614,0.5652012
2615,0.6271686
2617,0.13556464
2618,0.004785204
2619,0.11104284
2620,0.40511975
2621,0.46802565
2622,0.060103025
2623,0.014536959
2624,0.35138154
2625,0.008934403
2626,0.008778163
2627,0.001326355
2628,0.001304588
2629,0.3100169
2630,0.010286354
2631,0.2129691
2633,0.7952555
2634,0.69470805
2635,0.068052046
2636,0.01302065
2638,0.6269385
2639,0.6882064
2640,0.57128066
2641,0.7121974
2642,0.4564825
2644,0.5529858
2645,0.47286022
2647,0.6452122
2648,0.0025981318
2649,0.45326322
2650,0.09198035
2651,0.01028619
2652,0.31148177
2653,0.51437
2654,0.006299948
2655,0.005683837
2656,0.67549485
2657,0.016483558
2658,0.115517795
2659,0.12505968
2660,0.06569667
2662,0.2717258
2663,0.012801535
2664,0.28709775
2665,0.25169003
2666,0.3078935
2667,0.46762383
2668,0.019960055
2671,0.007857112
2672,0.030871844
2673,0.030259274
2674,0.014126438
2675,0.44954738
2676,0.48230746
2677,0.016454658
2679,0.81898546
2680,0.00780887
2681,0.022876043
2682,0.24566263
2683,0.007973295
2685,0.0556784
2686,0.037853677
2687,0.66036516
2688,0.30186674
2690,0.042448413
2691,0.0049883705
2692,0.004942373
2693,0.29309726
2694,0.0047338572
2695,0.13112582
2696,0.026866637
2697,0.007666659
2698,0.16734709
2699,0.31174952
2700,0.009549197
2701,0.008136114
2702,0.008553937
2703,0.0071032755
2704,0.4315738
2707,0.003019722
2708,0.5309745
2709,0.028093066
2710,0.22854249
2711,0.2188994
2712,0.3131342
2713,0.01594861
2714,0.008187174
2715,0.028830046
2716,0.022052051
2717,0.031195652
2718,0.00310211
2719,0.003039602
2720,0.13503355
2721,0.026215881
2722,0.044741523
2724,0.17577851
2727,0.8235517
2728,0.7496312
2729,0.07838011
2730,0.7873845
2732,0.007534765
2733,0.02103778
2734,0.021981042
2735,0.38291147
2737,0.05272793
2738,0.2635284
2742,0.13547464
2743,0.27472395
2744,0.015458472
2745,0.45211655
2746,0.29424387
2747,0.41790086
2748,0.38748205
2749,0.03590684
2750,0.26243892
2751,0.004597308
2753,0.07308935
2754,0.022410158
2755,0.30701187
2756,0.008031756
2759,0.056612458
2760,0.4456409
2763,0.1418963
2765,0.019075403
2766,0.008181194
2768,0.73493695
2769,0.70636433
2770,0.5678404
2773,0.042667247
2774,0.35162106
2776,0.67395264
2778,0.426799
2779,0.652138
2780,0.50819933
2781,0.0163094
2782,0.42801476
2783,0.075076304
2784,0.058672916
2785,0.2447862
2786,0.06292878
2787,0.0026274235
2788,0.4768489
2789,0.0018609335
2790,0.38074663
2793,0.5032279
2794,0.004177677
2795,0.006865638
2797,0.49951696
2799,0.7400001
2800,0.4481047
2801,0.004915026
2802,0.004126803
2803,0.010524681
2804,0.087599196
2806,0.024707599
2808,0.06970106
2809,0.016027912
2810,0.0939426
2811,0.0037268307
2812,0.0031342546
2813,0.08298227
2814,0.019402072
2815,0.044566885
2816,0.2393773
2817,0.012535132
2818,0.042452183
2819,0.010254306
2820,0.015126565
2821,0.4314475
2822,0.0050753374
2825,0.10775583
2826,0.33387074
2827,0.0027829013
2828,0.030613655
2829,0.003009276
2830,0.0069678165
2831,0.2387828
2833,0.0042918846
2834,0.4383194
2835,0.0134774465
2836,0.77917117
2837,0.16665931
2838,0.1802673
2839,0.33129457
2840,0.7084431
2843,0.62548864
2845,0.21476644
2846,0.073556624
2847,0.572325
2848,0.007060622
2849,0.028428867
2850,0.43125024
2851,0.53653675
2852,0.061823793
2853,0.89147645
2855,0.03699038
2857,0.021400023
2858,0.33745244
2860,0.77407396
2861,0.36314535
2863,0.33491433
2864,0.36523116
2865,0.74829197
2867,0.16033031
2868,0.071187876
2869,0.5695865
2873,0.33250004
2874,0.5231104
2875,0.5284239
2876,0.20709717
2877,0.008214225
2880,0.11978396
2882,0.0063364534
2884,0.17514567
2885,0.4753093
2888,0.005310583
2890,0.06047835
2891,0.04041917
2893,0.59521806
2894,0.66377205
2895,0.5935467
2896,0.13900916
2897,0.28698656
2898,0.69288856
2899,0.010741059
2900,0.031399865
2901,0.11803646
2902,0.003370266
2903,0.08574948
2904,0.11483163
2905,0.123651855
2906,0.0041846577
2909,0.18279018
2910,0.31464398
2912,0.43552732
2913,0.037564065
2917,0.08721208
2918,0.011702872
2920,0.75120926
2921,0.0065461486
2922,0.22194883
2923,0.03191818
2924,0.12516187
2925,0.39684093
2926,0.022229921
2927,0.7920306
2928,0.45732617
2929,0.010032321
2930,0.017579263
2931,0.022033822
2932,0.057828628
2933,0.039651077
2934,0.4105855
2936,0.06592386
2937,0.080747366
2938,0.5445473
2939,0.6594816
2940,0.8227593
2941,0.064039156
2942,0.7193561
2947,0.37859133
2948,0.48740792
2949,0.25947896
2950,0.025145711
2951,0.9331768
2952,0.7470676
2953,0.101332225
2954,0.25761917
2955,0.15869103
2956,0.30111116
2957,0.021731626
2958,0.7055124
2959,0.3190371
2963,0.0048508844
2965,0.106774926
2967,0.1054359
2968,0.43676326
2969,0.8075933
2970,0.012928328
2971,0.040444717
2972,0.24243277
2973,0.005123148
2974,0.026551278
2975,0.4722464
2976,0.015064256
2977,0.015067001
2978,0.016983327
2982,0.03502655
2984,0.059836768
2985,0.019237803
2986,0.038539626
2987,0.003011841
2989,0.025733516
2990,0.3530904
2991,0.7113498
2992,0.009928363
2993,0.82538897
2995,0.32678655
2996,0.5829102
2997,0.09916924
2998,0.0020646625
3000,0.8088542
3001,0.90653723
3003,0.19533145
3004,0.5864809
3005,0.4365811
3006,0.24168724
3007,0.009366455
3008,0.57254153
3010,0.6480773
3013,0.004944139
3015,0.4784353
3016,0.24103147
3017,0.4235735
3018,0.73401606
3019,0.4467169
3023,0.005142423
3025,0.4936095
3026,0.5809349
3029,0.65648913
3031,0.16373813
3032,0.063350916
3034,0.27687353
3036,0.005291369
3037,0.025020368
3038,0.33825088
3039,0.262748
3040,0.017583776
3041,0.33587933
3042,0.009665843
3043,0.040395923
3044,0.034510534
3045,0.0057159094
3046,0.032256573
3047,0.06917204
3048,0.011805486
3049,0.017843306
3050,0.028290642
3051,0.011868449
3052,0.014000874
3053,0.011972493
3054,0.014900434
3055,0.5270832
3056,0.016048044
3057,0.24304906
3059,0.42722252
3060,0.34184918
3061,0.18691367
3062,0.47955042
3063,0.7002309
3064,0.63588256
3065,0.33061862
3066,0.5542608
3067,0.41888592
3068,0.12796709
3071,0.72668916
3074,0.582774
3075,0.027668724
3076,0.32794827
3078,0.43500575
3080,0.008297007
3081,0.029769748
3082,0.38341388
3083,0.6620283
3084,0.62638783
3085,0.47809526
3087,0.68139833
3089,0.36866793
3090,0.09089973
3097,0.60617864
3099,0.0037245194
3100,0.26786968
3101,0.008765306
3102,0.029629778
3103,0.017660761
3104,0.02955508
3105,0.0076785954
3106,0.031913172
3107,0.007649826
3108,0.019844111
3109,0.0629694
3110,0.5527884
3111,0.031150645
3112,0.732416
3113,0.16207404
3114,0.061505657
3115,0.7264041
3118,0.621118
3119,0.81963307
3120,0.50697714
3122,0.49856463
3124,0.39414397
3126,0.47181135
3127,0.3510645
3128,0.5080048
3129,0.59476954
3130,0.66114694
3131,0.03993967
3132,0.8597939
3134,0.8265163
3135,0.3596098
3136,0.5084
3137,0.02201798
3139,0.031280484
3142,0.493357
3146,0.00204525
3148,0.07908282
3149,0.21703695
3150,0.54270744
3151,0.016718613
3152,0.36029065
3153,0.009178743
3154,0.00590507
3155,0.014582627
3156,0.5228669
3157,0.4051944
3160,0.5473211
3161,0.4715232
3162,0.71274656
3163,0.1661322
3164,0.5342749
3165,0.5243614
3167,0.6086187
3168,0.0038412372
3169,0.576531
3170,0.7140135
3172,0.5558433
3173,0.27244198
3177,0.8443123
3178,0.5184429
3179,0.027472124
3180,0.008314465
3182,0.59108204
3184,0.0065985993
3186,0.0031493818
3188,0.849374
3190,0.77049434
3191,0.029101074
3192,0.41283146
3193,0.5357595
3195,0.6453153
3197,0.14423308
3198,0.0033573697
3199,0.0043345736
3201,0.5530632
3202,0.2479219
3203,0.47623718
3206,0.07657883
3207,0.57989275
3209,0.008824575
3210,0.014123676
3211,0.024525478
3212,0.02353986
3213,0.07642335
3214,0.00987765
3215,0.68497324
3216,0.56563944
3217,0.77081555
3219,0.70623106
3221,0.50056577
3223,0.53453887
3225,0.0032607785
3227,0.5746167
3228,0.60252386
3229,0.15654367
3230,0.008666869
3231,0.108912975
3232,0.6856113
3233,0.41178972
3234,0.53601944
3235,0.37184379
3236,0.5606463
3237,0.37652534
3238,0.37238365
3239,0.06802201
3241,0.7411421
3242,0.07638876
3243,0.36689693
3245,0.8094947
3246,0.02576688
3247,0.002947131
3248,0.8025793
3251,0.10499691
3252,0.11205254
3256,0.6341488
3257,0.9327297
3258,0.026002534
3260,0.21894859
3261,0.46258888
3262,0.51589084
3265,0.012991532
3266,0.08231959
3267,0.80670375
3270,0.022749083
3271,0.62552404
3272,0.42847088
3274,0.46826887
3275,0.17281552
3276,0.3987993
3278,0.6701879
3280,0.06356712
3281,0.0197707
3282,0.0031394465
3283,0.007169879
3284,0.41877457
3285,0.0048605534
3286,0.009871207
3287,0.010341013
3288,0.0031030497
3289,0.0095283305
3290,0.008146769
3291,0.012544744
3292,0.020209547
3294,0.0021665073
3296,0.2278505
3297,0.009320736
3298,0.0028464724
3299,0.0048581874
3301,0.0027243346
3302,0.00612873
3303,0.00513799
3305,0.0023855304
3306,0.09142934
3308,0.00073205226
3309,0.0051548947
3311,0.007780367
3312,0.05384022
3313,0.005266143
3314,0.0026844381
3315,0.2463317
3316,0.011323273
3317,0.27915487
3318,0.0026626217
3319,0.0021652149
3322,0.002193477
3324,0.05646499
3327,0.011782538
3329,0.004551179
3330,0.008515586
3331,0.3713056
3332,0.039682265
3333,0.0059833387
3334,0.12029831
3335,0.021008672
3336,0.007194677
3337,0.0034844954
3338,0.043638457
3339,0.0061077517
3341,0.0048968336
3343,0.042018928
3344,0.016066734
3345,0.01919651
3346,0.03596803
3347,0.006012891
3348,0.053937785
3349,0.007506022
3350,0.058777556
3352,0.010186904
3353,0.0036538267
3354,0.011128565
3356,0.0023666949
3357,0.0056383116
3358,0.017039636
3359,0.008672517
3362,0.0017235012
3364,0.0065937154
3365,0.013555994
3366,0.0011914598
3367,0.0052061863
3368,0.0028594164
3369,0.002586307
3370,0.03284126
3371,0.10647753
3372,0.0025132261
3373,0.0038330753
3374,0.0074295755
3375,0.011596826
3376,0.003194306
3377,0.0037546628
3378,0.0022729868
3380,0.016638085
3381,0.007076723
3382,0.5145453
3384,0.006652872
3385,0.009812235
3386,0.06752438
3387,0.04040223
3388,0.003917811
3389,0.003215581
3391,0.012759579
3392,0.037512552
3394,0.0056186
3395,0.011098302
3396,0.009276349
3397,0.008981676
3398,0.0038735045
3399,0.008471482
3400,0.005432709
3401,0.20283489
3402,0.0050851153
3403,0.07651579
3404,0.37788042
3405,0.00343585
3406,0.22598056
3407,0.03078816
3408,0.22385916
3410,0.058382794
3411,0.09492053
3412,0.052506916
3413,0.4575337
3414,0.27720582
3416,0.051937714
3417,0.0032022188
3418,0.08343434
3420,0.0017562957
3421,0.013858088
3422,0.02975529
3423,0.14725402
3424,0.171887
3425,0.25551116
3426,0.06628249
3427,0.45630744
3428,0.0028168785
3429,0.025245119
3430,0.010551923
3432,0.00646079
3433,0.31130713
3436,0.07401934
3437,0.02894516
3438,0.00875392
3439,0.28373456
3440,0.024029974
3441,0.103429124
3442,0.12292393
3444,0.05567161
3445,0.0067629446
3446,0.03467229
3447,0.019443644
3448,0.010013405
3449,0.09498724
3450,0.0038698413
3451,0.005982017
3452,0.0050299936
3453,0.74345946
3454,0.028969014
3455,0.037505567
3456,0.020955538
3457,0.37874955
3458,0.018141182
3459,0.010095647
3460,0.13665426
3461,0.3702922
3462,0.030208034
3463,0.051475603
3464,0.54072267
3465,0.053415433
3466,0.0049995417
3467,0.00626619
3468,0.0049505336
3469,0.048772395
3470,0.0059699276
3471,0.57358134
3472,0.0413131
3473,0.0019257674
3474,0.2553824
3476,0.0047070985
3477,0.24591714
3478,0.007236027
3479,0.009302056
3480,0.0054239435
3481,0.020235227
3482,0.0027229048
3483,0.0047658905
3484,0.3970943
3485,0.0033193107
3486,0.039555646
3487,0.0011319472
3488,0.006995701
3489,0.08194402
3490,0.28833678
3491,0.020501345
3492,0.030206557
3493,0.14482369
3495,0.008572496
3496,0.10534308
3497,0.004125637
3498,0.1911914
3499,0.007920541
3500,0.09301383
3501,0.21725385
3502,0.077647604
3503,0.0075333677
3504,0.085731514
3505,0.050031096
3506,0.025069747
3507,0.062355053
3508,0.015103397
3509,0.0730707
3511,0.13018514
3512,0.06331331
3513,0.041135058
3514,0.38998955
3515,0.011821946
3516,0.0043909918
3517,0.0047025755
3518,0.0027373105
3519,0.021176597
3520,0.26499605
3523,0.04197917
3524,0.46260014
3525,0.011161683
3526,0.05359363
3528,0.020695778
3529,0.008166079
3530,0.007657819
3531,0.0023258775
3532,0.008072982
3533,0.21875513
3534,0.3395448
3535,0.06649605
3536,0.22031315
3537,0.056170028
3538,0.014115066
3541,0.006406337
3542,0.25216284
3543,0.00094527187
3544,0.46316656
3545,0.018889878
3546,0.2706195
3549,0.14487004
3550,0.8643364
3551,0.0044665183
3552,0.31950155
3553,0.29785225
3554,0.39437816
3555,0.49472824
3556,0.06573925
3558,0.012942282
3559,0.2256545
3560,0.44207427
3561,0.51367056
3563,0.16787802
3564,0.33490902
3566,0.015104758
3570,0.44440708
3571,0.370735
3572,0.79104084
3575,0.4948753
3576,0.48534995
3577,0.33334315
3578,0.7239667
3579,0.34839585
3580,0.38166285
3581,0.69320154
3582,0.544473
3583,0.15416771
3586,0.48748183
3588,0.61792445
3589,0.47291422
3590,0.38300598
3591,0.55779773
3592,0.25332507
3595,0.4398511
3596,0.4977514
3597,0.7963861
3598,0.5686966
3599,0.44145128
3600,0.49463114
3601,0.37275004
3602,0.7099346
3603,0.65172714
3604,0.5849574
3605,0.81059104
3606,0.29112956
3607,0.42542708
3612,0.7936084
3614,0.598653
3615,0.68367887
3616,0.12504426
3618,0.10854926
3620,0.53843087
3622,0.50535977
3624,0.2938182
3628,0.7907812
3629,0.38300434
3630,0.64548576
3631,0.7697723
3632,0.45588455
3633,0.7907812
3636,0.18263973
3637,0.29596114
3638,0.078203835
3639,0.2540411
3640,0.4029057
3641,0.87828475
3642,0.25834814
3643,0.07300891
3645,0.16621384
3646,0.42485034
3648,0.45188406
3649,0.08435837
3650,0.3814911
3651,0.08984743
3652,0.6193894
3653,0.5285431
3654,0.46516615
3656,0.05905429
3661,0.045395296
3662,0.45433503
3663,0.42595568
3666,0.40814516
3667,0.10231228
3668,0.055792816
3671,0.53929186
3672,0.2706538
3677,0.12967679
3679,0.5148656
3681,0.2698578
3684,0.32356814
3685,0.422722
3686,0.06408838
3687,0.01478213
3689,0.27272096
3690,0.12882428
3692,0.002583799
3693,0.011934507
3694,0.13429342
3695,0.062755615
3696,0.011221613
3697,0.014742425
3698,0.021759767
3699,0.021868326
3700,0.011288202
3701,0.11464496
3703,0.0018781117
3704,0.03349123
3705,0.0066725644
3706,0.0014694023
3708,0.0038648539
3709,0.0062983865
3710,0.09697496
3711,0.3615988
3712,0.0023125482
3713,0.063503884
3714,0.0011937653
3715,0.0011848854
3716,0.0042212047
3717,0.025065562
3718,0.006684668
3719,0.4116581
3720,0.05624413
3721,0.13974841
3722,0.04309062
3723,0.30244118
3726,0.0008429411
3727,0.009377416
3729,0.00076495507
3730,0.0027270413
3731,0.003135277
3732,0.004099353
3733,0.016620614
3734,0.13938695
3735,0.0073948787
3736,0.0050314777
3737,0.086800285
3738,0.0017193118
3740,0.006458296
3744,0.7965586
3745,0.0069714235
3746,0.008693584
3747,0.8590919
3749,0.33433312
3750,0.0016879459
3751,0.0032933112
3753,0.012656582
3754,0.25990197
3755,0.0061111334
3756,0.54889774
3757,0.010342653
3758,0.55949646
3759,0.030950507
3761,0.0032286262
3762,0.003453448
3763,0.022757988
3764,0.018235862
3765,0.042799786
3766,0.01472734
3769,0.0028008937
3770,0.015848357
3771,0.02069602
3772,0.011173125
3773,0.17688107
3774,0.021909231
3775,0.19120705
3776,0.51421165
3777,0.023515211
3778,0.054215595
3780,0.037198994
3781,0.32402757
3784,0.015148802
3786,0.0053464477
3788,0.7787489
3789,0.0057887365
3790,0.5697513
3791,0.007692913
3792,0.10066163
3793,0.037222665
3794,0.0038436265
3796,0.8687537
3797,0.37237585
3798,0.013905355
3799,0.06224747
3801,0.045110967
3802,0.030648142
3803,0.053206895
3804,0.27743825
3806,0.009247917
3807,0.033736728
3808,0.44584513
3809,0.20631762
3810,0.3282851
3811,0.021478651
3813,0.037768338
3814,0.008032519
3816,0.008941821
3817,0.06486363
3818,0.042827524
3820,0.37458745
3821,0.011588106
3822,0.004257347
3823,0.61218816
3824,0.57589144
3826,0.31250766
3827,0.048872408
3828,0.005528649
3829,0.27917895
3830,0.007676303
3831,0.46450496
3832,0.004832482
3833,0.007217096
3835,0.7639905
3837,0.40129367
3838,0.019976119
3839,0.062650956
3840,0.03348418
3843,0.32358137
3844,0.002601481
3845,0.009147144
3846,0.005639504
3847,0.005454694
3848,0.028478103
3849,0.0056346445
3850,0.009092656
3851,0.0043538124
3853,0.5183134
3854,0.020285394
3855,0.042791396
3858,0.011501094
3861,0.36917394
3863,0.011228344
3864,0.007433279
3865,0.0104567
3867,0.0046048514
3868,0.754324
3869,0.012919848
3870,0.10854119
3871,0.39384782
3872,0.38158968
3873,0.014815416
3874,0.002985055
3875,0.08251623
3876,0.027061354
3877,0.5839144
3878,0.8146015
3879,0.0083299745
3880,0.24901678
3881,0.0014111284
3882,0.6661439
3883,0.045281306
3884,0.23180246
3885,0.4835365
3886,0.09344283
3887,0.48089895
3888,0.003256665
3889,0.013776208
3891,0.6146084
3892,0.004938405
3893,0.005004492
3895,0.006095745
3896,0.046775043
3897,0.002244841
3899,0.010260284
3900,0.003695789
3901,0.003857756
3902,0.029676009
3903,0.0046345876
3904,0.04693925
3906,0.03667107
3907,0.083755754
3908,0.005183006
3909,0.7837958
3910,0.09016717
3911,0.0024402498
3912,0.00520791
3913,0.14394291
3914,0.0061753513
3915,0.002382574
3916,0.018902387
3917,0.0601594
3918,0.4503011
3919,0.007679954
3920,0.005092993
3921,0.016835093
3922,0.0317589
3924,0.3305618
3925,0.07577976
3926,0.056877933
3927,0.020827705
3928,0.023613881
3929,0.010607802
3930,0.3957995
3931,0.31329742
3932,0.038773805
3933,0.06724892
3934,0.012078905
3935,0.0036930146
3936,0.0042708497
3937,0.30188093
3939,0.11806263
3940,0.013840531
3941,0.0067727077
3942,0.0067177657
3943,0.0053950865
3944,0.019050604
3946,0.0036318982
3947,0.050732303
3948,0.026382199
3949,0.07812232
3950,0.09975984
3951,0.4586666
3952,0.007911442
3954,0.0031478866
3955,0.20131885
3956,0.007461505
3957,0.005562524
3958,0.00927708
3959,0.42716396
3960,0.06894113
3961,0.31772733
3962,0.014368074
3963,0.38692865
3964,0.28748417
3965,0.6809986
3966,0.117204085
3967,0.003259502
3968,0.017685339
3969,0.065173164
3970,0.010708023
3972,0.099130206
3973,0.0056055156
3974,0.033716477
3975,0.004186279
3976,0.013556817
3977,0.4112644
3978,0.72868854
3979,0.0061768903
3980,0.7291625
3981,0.22590025
3984,0.0076689185
3986,0.15294114
3987,0.22609155
3988,0.006472376
3989,0.25960985
3990,0.25401363
3991,0.5660977
3992,0.0924582
3993,0.46369368
3994,0.025117032
3995,0.02348576
3996,0.07450337
3997,0.24352616
3998,0.082040295
3999,0.21839203
4000,0.0042152414
4001,0.07426046
4002,0.015528013
4003,0.041038945
4004,0.10261965
4005,0.010431635
4006,0.025950307
4007,0.025642587
4008,0.009020424
4009,0.026535857
4010,0.047659844
4011,0.010550763
4012,0.030320281
4013,0.00438191
4014,0.012784806
4015,0.08810503
4016,0.009697324
4018,0.55077785
4019,0.0051871557
4020,0.26099163
4021,0.86749893
4022,0.015425826
4023,0.40511647
4024,0.045629792
4025,0.5672855
4027,0.41964173
4028,0.0039279526
4029,0.20614392
4030,0.01878952
4031,0.041102298
4032,0.010256219
4035,0.051912133
4036,0.006949183
4037,0.17307916
4038,0.08486108
4039,0.30497175
4040,0.6083969
4041,0.43519992
4042,0.015687509
4043,0.0020741178
4046,0.40585062
4047,0.124926336
4048,0.07999096
4049,0.572369
4051,0.007747655
4052,0.020659404
4053,0.12803772
4054,0.07638979
4055,0.049299628
4056,0.2288113
4057,0.14719379
4058,0.009301269
4059,0.19859616
4060,0.6545837
4061,0.04192721
4062,0.026246844
4063,0.116481334
4064,0.049298108
4065,0.029841354
4066,0.13758406
4068,0.021362687
4069,0.03756055
4070,0.1557086
4071,0.26285395
4072,0.17069302
4073,0.02620579
4074,0.0052705607
4075,0.024463417
4076,0.3832575
4078,0.40335876
4079,0.0123708155
4080,0.5693692
4081,0.31425518
4082,0.006828704
4083,0.32593066
4084,0.08502103
4085,0.017194886
4086,0.1691993
4087,0.008792442
4088,0.110056445
4089,0.37276104
4090,0.2990239
4091,0.011593454
4092,0.814343
4093,0.041612
4094,0.052429847
4095,0.12373024
4096,0.7766025
4097,0.034443516
4099,0.01087234
4100,0.071215056
4101,0.3287323
4102,0.0062879534
4103,0.29471287
4104,0.018191107
4105,0.24268903
4106,0.22652608
4107,0.5641564
4109,0.57827806
4110,0.0049905977
4111,0.0069158007
4112,0.011601615
4113,0.036397506
4114,0.10553965
4115,0.02324755
4116,0.0139911035
4119,0.39319602
4120,0.013818784
4121,0.0022208104
4122,0.0031821663
4123,0.32815185
4124,0.009824302
4125,0.022885548
4127,0.041460358
4128,0.50437516
4129,0.0033576423
4130,0.0033519063
4131,0.016575098
4132,0.004615271
4133,0.28127047
4134,0.021969024
4135,0.46891144
4136,0.014511617
4137,0.03325978
4138,0.118866295
4139,0.06598605
4140,0.0029265287
4141,0.36256617
4142,0.17048168
4143,0.0032137595
4146,0.14428751
4147,0.4225881
4153,0.69528884
4154,0.6517655
4155,0.7075041
4156,0.47520286
4157,0.68236053
4158,0.8447458
4161,0.020215997
4166,0.2446769
4167,0.3059298
4168,0.2550811
4169,0.45960927
4171,0.7055774
4174,0.6588229
4175,0.67434967
4177,0.85395324
4179,0.4436336
4181,0.7180608
4182,0.5375325
4183,0.441761
4188,0.15707426
4191,0.50413316
4192,0.26675442
4194,0.060556132
4196,0.5465694
4197,0.0298606
4198,0.5352805
4199,0.6712626
4200,0.43832484
4201,0.32238334
4203,0.021632625
4204,0.8793273
4205,0.03058596
4206,0.4818366
4207,0.67104876
4208,0.6758762
4211,0.36366555
4213,0.58794683
4214,0.27798882
4215,0.53499025
4217,0.857732
4218,0.74613804
4220,0.110940695
4221,0.7261144
4222,0.59606546
4223,0.81483424
4224,0.27811188
4225,0.9142826
4226,0.5762119
4227,0.63709974
4228,0.6408074
4230,0.42038572
4232,0.4742328
4234,0.54333997
4238,0.13269854
4239,0.5070805
4241,0.8285584
4242,0.69021523
4243,0.5393349
4244,0.016954422
4245,0.49583587
4246,0.5072638
4247,0.3600276
4248,0.36453518
4249,0.7050248
4250,0.32611617
4251,0.46506348
4252,0.003915473
4254,0.0039929477
4255,0.05162422
4256,0.0060016783
4257,0.028096888
4258,0.22130656
4259,0.010146993
4261,0.4377612
4262,0.040360942
4263,0.41558817
4267,0.5192319
4268,0.49563265
4269,0.35455996
4271,0.0039356053
4272,0.8034757
4273,0.32158414
4277,0.3670392
4278,0.1706328
4279,0.37112427
4280,0.7238461
4281,0.01645688
4282,0.14905483
4283,0.07252904
4284,0.19448334
4285,0.3877463
4286,0.828384
4287,0.049657613
4288,0.36476797
4290,0.3415889
4292,0.24266544
4294,0.6433782
4295,0.58135206
4296,0.48421964
4299,0.49449387
4300,0.17761157
4304,0.65233546
4305,0.14723729
4307,0.7011618
4308,0.012047052
4309,0.01473521
4310,0.41246995
4312,0.57398176
4313,0.85979754
4314,0.62683314
4315,0.40866566
4316,0.53623337
4317,0.54492897
4319,0.33019552
4320,0.9114167
4322,0.3767349
4323,0.5242534
4324,0.5384545
4326,0.4861692
4327,0.37504935
4328,0.62982327
4329,0.38623384
4331,0.49541086
4332,0.44501278
4333,0.4917871
4334,0.60074985
4335,0.7849082
4337,0.67473304
4338,0.4274698
4339,0.37034297
4341,0.5919607
4342,0.0045579546
4345,0.4871185
4346,0.86501217
4347,0.46457145
4349,0.77809256
4350,0.01137249
4352,0.8097043
4353,0.0050570993
4354,0.26347584
4355,0.6461658
4357,0.096601024
4358,0.7443259
4360,0.501008
4361,0.3971479
4362,0.0101300245
4363,0.46201527
4365,0.012213107
4366,0.04290973
4367,0.0028029014
4368,0.2064585
4369,0.08110592
4371,0.019912206
4372,0.014124406
4373,0.4157147
4374,0.70147187
4375,0.5568915
4377,0.6594963
4378,0.36154893
4379,0.38788876
4381,0.2996984
4382,0.27263048
4383,0.3712747
4384,0.80394065
4385,0.27596673
4386,0.06817312
4388,0.58304816
4389,0.5195588
4390,0.42444292
4391,0.38863832
4392,0.39968637
4393,0.28045467
4395,0.5152159
4396,0.13511847
4397,0.017737754
4398,0.064623654
4399,0.0049987757
4400,0.4848281
4401,0.5456941
4402,0.52180177
4404,0.49382934
4406,0.59729195
4407,0.4904733
4408,0.6651274
4409,0.038229
4410,0.08635969
4413,0.13092743
4414,0.47446236
4415,0.23179004
4416,0.47346094
4417,0.5367677
4419,0.43672678
4421,0.5442183
4422,0.55522704
4423,0.011579208
4425,0.5043315
4428,0.34134
4430,0.13877864
4433,0.4966303
4435,0.7714232
4436,0.76835126
4437,0.49493402
4438,0.15651359
4439,0.0041794763
4441,0.36004892
4443,0.5228129
4444,0.052085854
4445,0.3394706
4446,0.0025933306
4447,0.004001042
4448,0.5103658
4450,0.27170414
4451,0.53195566
4452,0.6714784
4454,0.63154805
4456,0.3918171
4457,0.5446839
4458,0.43667015
4459,0.34420845
4460,0.80343676
4461,0.43122724
4462,0.4399751
4464,0.82987386
4466,0.43249214
4467,0.0749331
4470,0.70862865
4471,0.49001467
4473,0.039016142
4474,0.6196231
4475,0.61529416
4476,0.2827772
4477,0.07049473
4478,0.14353693
4479,0.66553867
4480,0.00090697483
4481,0.0050591966
4482,0.038343873
4483,0.517039
4484,0.037836835
4485,0.014687637
4486,0.114686176
4487,0.18897267
4488,0.5735409
4490,0.030999426
4492,0.27045348
4493,0.0637262
4494,0.012082416
4495,0.6097268
4496,0.010052705
4497,0.07801381
4498,0.47180116
4499,0.012364793
4500,0.018432051
4501,0.0031058209
4504,0.002498045
4505,0.011440164
4506,0.006466467
4508,0.004336784
4509,0.004706024
4511,0.51033586
4512,0.02189841
4514,0.086102515
4515,0.0068373634
4516,0.019104669
4517,0.43857217
4518,0.035954338
4519,0.25043648
4520,0.12748969
4523,0.6520188
4524,0.03862864
4525,0.021736655
4526,0.015296074
4527,0.0006947526
4528,0.0058012693
4530,0.10384339
4531,0.23815364
4532,0.5445909
4533,0.012031959
4534,0.43004948
4536,0.13685687
4537,0.0069411583
4538,0.056121625
4539,0.24626324
4540,0.0038546368
4542,0.014385094
4543,0.018394925
4544,0.40374273
4545,0.0670948
4546,0.041337434
4547,0.011241619
4548,0.013850942
4549,0.05647652
4551,0.005499285
4553,0.0043731565
4554,0.14240889
4555,0.005728313
4556,0.04398085
4558,0.004458022
4559,0.5968348
4560,0.024136718
4561,0.008681303
4562,0.0070319064
4564,0.004592741
4565,0.009340003
4567,0.0012554617
4568,0.018627336
4569,0.63201946
4570,0.009729376
4571,0.062026303
4572,0.009139246
4573,0.1419415
4574,0.0019320118
4575,0.003156181
4576,0.004990039
4577,0.0824931
4578,0.008104571
4579,0.0045680413
4580,0.0029726094
4581,0.016603336
4582,0.027680408
4583,0.47243476
4585,0.51347166
4586,0.00473505
4587,0.005162564
4589,0.0074468744
4590,0.01405292
4592,0.008570319
4593,0.049859524
4594,0.043154273
4596,0.0070392424
4597,0.0063285716
4598,0.12201671
4599,0.003583776
4601,0.08615965
4602,0.018119918
4603,0.013454034
4604,0.0451099
4605,0.016126258
4606,0.029559959
4607,0.00514633
4608,0.038282946
4610,0.017303824
4611,0.052636925
4612,0.0024139027
4613,0.027138202
4614,0.000987283
4615,0.1709026
4616,0.09070329
4617,0.010996393
4618,0.003702221
4619,0.024166958
4620,0.005769662
4621,0.014688506
4622,0.59813094
4623,0.33408397
4624,0.026505662
4625,0.0079623265
4626,0.019602444
4627,0.06655571
4628,0.37928498
4629,0.049766783
4630,0.013508001
4631,0.016991204
4632,0.007952565
4633,0.014161811
4634,0.016954167
4635,0.0645351
4636,0.026081624
4637,0.0074161547
4638,0.004467578
4639,0.013750674
4640,0.020515312
4641,0.091014445
4642,0.003182679
4643,0.005798352
4644,0.016695134
4645,0.030330254
4646,0.00413995
4647,0.1732354
4648,0.3040981
4649,0.0071696416
4650,0.009070596
4651,0.004203583
4652,0.019161329
4653,0.0024895892
4654,0.05002857
4655,0.00883373
4656,0.0062445374
4657,0.0011732046
4658,0.008269995
4659,0.008279534
4660,0.1349939
4662,0.01561205
4663,0.012236796
4665,0.0019336178
4666,0.011655477
4667,0.0032276548
4668,0.042617198
4669,0.41973948
4670,0.049332693
4671,0.028619863
4672,0.04285097
4673,0.0028931154
4674,0.004080885
4675,0.005277916
4676,0.01938114
4677,0.010517964
4678,0.04504761
4679,0.003379706
4680,0.03179412
4681,0.1138606
4682,0.5079594
4683,0.07377065
4684,0.017902331
4685,0.078714244
4686,0.05812094
4687,0.6542941
4688,0.08466049
4689,0.065329686
4691,0.0051065413
4693,0.01902233
4694,0.0026077144
4695,0.014161417
4696,0.15402092
4697,0.01068206
4698,0.017877467
4699,0.0033042734
4700,0.6695943
4701,0.09663547
4703,0.009297446
4704,0.113090575
4705,0.027494395
4707,0.21013601
4708,0.0053726295
4709,0.091703594
4710,0.006691193
4714,0.0021145882
4715,0.012802302
4716,0.39410764
4717,0.079438075
4718,0.080970235
4719,0.2441983
4721,0.114905946
4722,0.10158033
4723,0.12747556
4724,0.0038902927
4725,0.019928906
4726,0.15056401
4728,0.3438495
4729,0.016496575
4730,0.025469368
4731,0.008056663
4733,0.18139413
4734,0.25440997
4735,0.8630612
4736,0.0042115306
4737,0.005835837
4738,0.16720238
4739,0.0073406924
4740,0.13493095
4741,0.27059844
4744,0.31006935
4745,0.026306257
4746,0.024950257
4747,0.013554598
4748,0.0023443175
4749,0.1388755
4751,0.0590412
4752,0.08119574
4753,0.09440832
4754,0.14841628
4755,0.21909176
4756,0.10954896
4757,0.091229625
4758,0.012873045
4759,0.29392743
4760,0.5281095
4762,0.0073166704
4764,0.44320092
4765,0.13794835
4772,0.31762114
4774,0.5629827
4775,0.4217263
4776,0.10129226
4777,0.08127595
4779,0.29942703
4781,0.41609538
4782,0.76586026
4783,0.021351041
4784,0.4692369
4785,0.2766694
4786,0.4751321
4788,0.26327026
4789,0.79392684
4791,0.07492258
4792,0.07753377
4793,0.34054726
4795,0.5647651
4796,0.01665544
4797,0.2457052
4801,0.18944895
4804,0.32909718
4805,0.37132078
4806,0.3236558
4807,0.39053616
4808,0.028348072
4810,0.41362014
4811,0.8798995
4812,0.022802616
4813,0.1801386
4814,0.44574374
4815,0.40160868
4816,0.08449912
4817,0.4897607
4818,0.40442887
4819,0.01132645
4820,0.53684217
4821,0.42499572
4823,0.6431387
4824,0.3145463
4826,0.33835816
4827,0.392204
4828,0.037128374
4829,0.34036708
4830,0.2594026
4831,0.15719159
4832,0.28729862
4833,0.22600779
4834,0.06763721
4835,0.25399712
4836,0.64716595
4838,0.0060039116
4839,0.015250282
4840,0.08679247
4841,0.5252177
4842,0.70056015
4844,0.42122975
4845,0.08366676
4846,0.029749205
4847,0.47988576
4848,0.663387
4849,0.18340409
4852,0.5851818
4853,0.8055121
4854,0.8050483
4855,0.69735277
4856,0.048081655
4857,0.10917908
4858,0.37350988
4860,0.31824902
4861,0.43468964
4862,0.53385866
4863,0.60054123
4864,0.02993559
4866,0.3112439
4867,0.53729814
4869,0.25515395
4870,0.9453049
4871,0.48687595
4873,0.55102456
4874,0.05499503
4876,0.16327149
4877,0.70114535
4878,0.67012954
4879,0.79184467
4880,0.5806221
4882,0.39537507
4883,0.5174101
4884,0.281147
4885,0.053450394
4888,0.34711376
4890,0.6078104
4891,0.40028897
4892,0.20776072
4893,0.8309591
4894,0.38099816
4895,0.04519062
4896,0.39468637
4897,0.38501272
4898,0.44543627
4899,0.11266404
4901,0.3014237
4902,0.7543204
4903,0.3399472
4904,0.007714674
4905,0.41917518
4906,0.7047783
4907,0.01227175
4908,0.20710751
4909,0.080510795
4910,0.09934055
4911,0.0506847
4912,0.056724284
4914,0.12716943
4915,0.32390484
4916,0.28594047
4917,0.011951246
4921,0.47672293
4922,0.0063095107
4923,0.13464594
4924,0.4512838
4925,0.004851753
4926,0.09530162
4927,0.01554672
4928,0.40415618
4929,0.32490063
4930,0.033583548
4931,0.30398044
4932,0.47140756
4934,0.13164516
4935,0.058325015
4937,0.17329025
4938,0.0073499414
4939,0.43598717
4940,0.059619777
4941,0.58645236
4943,0.72617257
4944,0.87405086
4945,0.4032081
4946,0.29140335
4947,0.45485157
4948,0.27931872
4951,0.021622553
4952,0.05464529
4954,0.049695995
4955,0.2437262
4956,0.002230961
4957,0.0105359135
4958,0.012223714
4959,0.06186814
4960,0.013932135
4961,0.079806395
4963,0.002122142
4964,0.0019075715
4965,0.009452684
4967,0.013474499
4968,0.0077355457
4969,0.08167546
4970,0.09402428
4971,0.25698233
4972,0.1716312
4973,0.015801556
4974,0.012660502
4975,0.02208452
4976,0.02626403
4977,0.0332171
4979,0.005490019
4980,0.033730708
4981,0.0027714004
4983,0.2932172
4984,0.5993525
4985,0.59871656
4986,0.36616457
4987,0.039008368
4988,0.5272007
4989,0.14123271
4990,0.0969792
4991,0.25102392
4993,0.0026886233
4994,0.11644605
4995,0.15575747
4996,0.024509324
4997,0.1048978
4998,0.0043677124
4999,0.6279212
5000,0.0013023417
5001,0.026920319
5002,0.41473928
5006,0.04201769
5007,0.029671023
5008,0.10140209
5009,0.4430146
5012,0.05587891
5013,0.3414446
5014,0.5066118
5015,0.4451092
5016,0.46822628
5018,0.018414292
5019,0.32590348
5020,0.037472222
5021,0.2748911
5022,0.31542027
5023,0.01171764
5024,0.005189164
5025,0.48564827
5026,0.40220603
5027,0.016515207
5029,0.37646276
5030,0.054777876
5031,0.0031537607
5032,0.026072185
5033,0.086760625
5035,0.1398368
5036,0.0029696585
5037,0.075322755
5038,0.24382082
5039,0.11910761
5040,0.024442071
5041,0.6112667
5042,0.04704065
5043,0.005734633
5044,0.0037365847
5045,0.65970886
5046,0.72112006
5047,0.265676
5048,0.21558528
5049,0.11451094
5050,0.30876815
5052,0.47512075
5053,0.018143708
5054,0.7755664
5055,0.48424584
5056,0.035783052
5058,0.32557398
5059,0.019275531
5060,0.7446154
5061,0.3847892
5062,0.007152494
5063,0.26539743
5064,0.47961363
5065,0.41895416
5066,0.074633546
5067,0.49216187
5068,0.44734764
5069,0.058740795
5070,0.014714878
5071,0.3968251
5074,0.33142233
5075,0.0037167417
5076,0.010078116
5077,0.19425833
5079,0.004933704
5080,0.006905042
5081,0.4781838
5082,0.0073972456
5083,0.043668482
5084,0.008184239
5086,0.058935504
5087,0.058845684
5088,0.0011773867
5089,0.031777676
5090,0.0070447708
5091,0.09187348
5092,0.37468386
5095,0.07676433
5096,0.3169395
5097,0.47487104
5098,0.0029701355
5099,0.015351936
5100,0.025776038
5101,0.34206963
5102,0.5607888
5103,0.31630817
5104,0.61924493
5105,0.45696616
5106,0.24179468
5108,0.4548564
5109,0.0014147137
5110,0.15835914
5111,0.055715933
5112,0.0067468137
5114,0.2732558
5115,0.0049528806
5116,0.033032037
5118,0.39988127
5119,0.476305
5120,0.19140027
5121,0.008382138
5122,0.0018048125
5123,0.13780583
5124,0.744224
5125,0.0012186812
5126,0.011905123
5127,0.06736365
5128,0.012776197
5131,0.5375328
5132,0.057018306
5133,0.0051142997
5135,0.0088021355
5136,0.06535338
5137,0.057810556
5138,0.30987602
5139,0.015603908
5140,0.048522897
5141,0.027620465
5143,0.024406798
5144,0.005634725
5146,0.106236234
5147,0.1445884
5148,0.5527991
5150,0.026354985
5151,0.10519287
5152,0.18627836
5154,0.29232904
5155,0.15440358
5156,0.005628973
5157,0.33799502
5158,0.7895276
5159,0.37480995
5160,0.15491022
5161,0.11055834
5162,0.19403462
5163,0.003305959
5166,0.3715621
5167,0.3932917
5169,0.7191806
5170,0.7602295
5171,0.6829905
5172,0.011515268
5173,0.04060175
5174,0.012692802
5175,0.4316331
5177,0.42109647
5179,0.0044431435
5180,0.068029635
5182,0.0040593804
5183,0.6390373
5184,0.64726007
5185,0.31488708
5187,0.30907574
5188,0.17371303
5191,0.036912236
5192,0.42102358
5193,0.41644418
5194,0.7850025
5195,0.38131917
5196,0.02532333
5197,0.27191964
5199,0.4686639
5200,0.321029
5202,0.032580785
5203,0.3681613
5204,0.1787016
5206,0.34416547
5209,0.29341662
5212,0.78215504
5213,0.55407846
5215,0.39616135
5216,0.003492145
5217,0.3542599
5218,0.0042270566
5220,0.46461955
5222,0.30166328
5223,0.6916054
5225,0.83424723
5228,0.5169444
5230,0.42729145
5231,0.4386762
5232,0.7600576
5233,0.58138245
5234,0.0075547844
5236,0.27647942
5238,0.036032118
5241,0.49592614
5243,0.14667568
5245,0.65510505
5247,0.7725247
5248,0.2714449
5254,0.030797163
5255,0.06846693
5256,0.014078393
5257,0.6257915
5258,0.7012089
5260,0.021530325
5262,0.38201118
5263,0.34504318
5265,0.6402926
5266,0.32616037
5269,0.04182881
5271,0.124719255
5273,0.55669326
5275,0.67050725
5276,0.36892173
5277,0.58908737
5278,0.755024
5279,0.34471935
5280,0.54723436
5281,0.6357796
5283,0.02859488
5284,0.44359618
5285,0.4059794
5286,0.5375186
5287,0.56708825
5288,0.8460844
5289,0.5383037
5290,0.39307642
5291,0.35546055
5292,0.031723063
5294,0.49242458
5296,0.75768405
5297,0.34786782
5299,0.38243085
5301,0.44250417
5302,0.38877213
5303,0.3563468
5304,0.70162404
5307,0.29385853
5308,0.50634366
5309,0.6429301
5312,0.1917625
5313,0.5747469
5314,0.5680909
5316,0.37706897
5319,0.35927874
5322,0.26246
5323,0.8455162
5325,0.90921795
5326,0.62065977
5327,0.41211608
5328,0.32164958
5329,0.28736925
5330,0.63816935
5331,0.2686284
5332,0.69800985
5333,0.09262512
5334,0.31008485
5336,0.3966122
5338,0.6929838
5340,0.004767042
5341,0.5741785
5342,0.055709675
5343,0.41883728
5344,0.5189302
5346,0.030791229
5347,0.21709535
5348,0.045720458
5349,0.045854196
5350,0.3944845
5352,0.010806928
5353,0.4265959
5354,0.5877844
5355,0.20951243
5357,0.5926908
5358,0.31705725
5361,0.2325429
5365,0.7291213
5366,0.79156697
5367,0.52420413
5368,0.71672463
5370,0.7183703
5372,0.48151928
5373,0.032329008
5375,0.66117865
5376,0.04098217
5377,0.06936731
5380,0.5342638
5381,0.73247415
5383,0.0034845206
5384,0.67291725
5387,0.79333913
5388,0.7645118
5389,0.43107608
5391,0.5944654
5392,0.7882638
5393,0.69785005
5395,0.33608162
5397,0.0025451705
5398,0.39822778
5399,0.04414741
5402,0.0063212435
5403,0.6389966
5404,0.59367216
5405,0.7851647
5406,0.7728618
5409,0.6305709
5410,0.3409553
5411,0.43018684
5412,0.5904167
5414,0.6970778
5416,0.41395277
5418,0.82400113
5422,0.06087267
5424,0.41200358
5425,0.50603473
5426,0.37380537
5427,0.6477462
5428,0.6630931
5429,0.8729262
5430,0.6919481
5431,0.3526257
5433,0.23335543
5435,0.24835202
5437,0.70635986
5444,0.5099351
5448,0.5274779
5449,0.6372668
5450,0.0015957361
5452,0.17361997
5453,0.6919251
5456,0.28554115
5457,0.42769918
5460,0.7117496
5462,0.6637645
5463,0.005901749
5464,0.006717327
5465,0.12839106
5466,0.029424643
5467,0.0028888187
5468,0.014927966
5469,0.001223016
5470,0.009726827
5471,0.008383644
5473,0.007522028
5474,0.0058359425
5476,0.028719148
5477,0.008128126
5478,0.0033964475
5479,0.0031297468
5480,0.005144546
5482,0.008414315
5483,0.030025616
5484,0.2913822
5485,0.007976584
5488,0.0059031476
5489,0.0029626766
5491,0.003773868
5493,0.003151459
5494,0.0049458146
5495,0.0031824417
5496,0.0017611703
5497,0.0028680025
5498,0.017207164
5500,0.03601779
5501,0.0026435554
5502,0.0083313845
5503,0.009426863
5504,0.3229061
5505,0.005472624
5506,0.0069007296
5507,0.0023415168
5508,0.003478282
5510,0.0032694486
5511,0.0022468625
5512,0.008614505
5513,0.0041668713
5515,0.0039137825
5516,0.0013672248
5517,0.0075516715
5518,0.1481734
5519,0.27029866
5520,0.029632414
5521,0.026628135
5522,0.013763075
5523,0.13969415
5524,0.002963047
5525,0.0028941033
5526,0.0067617917
5528,0.010169735
5529,0.00550819
5530,0.00536794
5531,0.013566883
5532,0.008323466
5533,0.007976459
5534,0.021481037
5535,0.009621617
5536,0.002707125
5537,0.0037314084
5538,0.001637154
5539,0.006422045
5540,0.0020559037
5541,0.004717315
5542,0.014584149
5543,0.045619875
5544,0.017101869
5545,0.01608163
5546,0.005089891
5547,0.012034987
5550,0.008585843
5551,0.0079596415
5552,0.0044288407
5553,0.002965649
5554,0.0045363577
5555,0.05125803
5556,0.041968927
5558,0.015544158
5559,0.002103306
5560,0.0014584694
5561,0.004795408
5562,0.0060144356
5563,0.058049526
5564,0.007484909
5566,0.027548429
5567,0.098739125
5569,0.019656906
5570,0.0041059735
5571,0.0018829304
5572,0.10247783
5573,0.0059452355
5574,0.0067150746
5575,0.04086489
5576,0.03872361
5577,0.0020965312
5578,0.007805531
5579,0.01087771
5580,0.0595278
5581,0.6278817
5582,0.002417512
5583,0.0025480834
5584,0.24935706
5585,0.0050547104
5586,0.003532378
5587,0.20325138
5588,0.025627272
5589,0.019297702
5590,0.0034537876
5591,0.0014718552
5594,0.028517442
5595,0.00448057
5596,0.049381785
5597,0.009443491
5598,0.0016824765
5599,0.0014223963
5600,0.010773722
5602,0.0020172729
5603,0.10911012
5604,0.036594152
5605,0.009510656
5606,0.0036688417
5607,0.0036104547
5609,0.0021848965
5610,0.070049286
5611,0.028780388
5612,0.014003509
5613,0.0053493516
5614,0.0022740392
5615,0.02330093
5616,0.005851128
5617,0.31619006
5618,0.0069326903
5619,0.0050166757
5621,0.013352308
5623,0.013890421
5624,0.0030017635
5625,0.011565114
5626,0.04423615
5628,0.001365625
5629,0.028338414
5630,0.008061675
5631,0.0208947
5632,0.00325435
5633,0.051121246
5634,0.046676684
5635,0.0042912303
5636,0.18247822
5638,0.01193002
5639,0.00572166
5640,0.014986502
5641,0.11224456
5642,0.003915504
5644,0.0035217449
5645,0.013609943
5646,0.0027037351
5647,0.0021688277
5648,0.004417254
5649,0.0023167382
5650,0.0008387791
5652,0.003113339
5653,0.033038456
5654,0.0014744308
5655,0.0019385215
5656,0.12676424
5657,0.0023832028
5658,0.0018123138
5659,0.0017219818
5660,0.03362738
5661,0.01010573
5662,0.37240657
5663,0.0466386
5664,0.09392278
5665,0.18552586
5666,0.109636895
5667,0.19590993
5668,0.015322533
5669,0.03428531
5670,0.054704383
5671,0.080437794
5673,0.05701702
5674,0.4719173
5675,0.069020875
5676,0.041898835
5677,0.023802267
5678,0.019637126
5679,0.23456119
5680,0.33561042
5681,0.018680522
5683,0.33582017
5684,0.0031065003
5685,0.0017365236
5686,0.15217504
5687,0.001090283
5688,0.047869824
5689,0.004634025
5690,0.49325025
5692,0.00064452016
5693,0.0014321787
5694,0.0035337196
5695,0.09594702
5696,0.017920392
5697,0.0055661863
5698,0.005571573
5699,0.0076722545
5700,0.02737496
5701,0.077010274
5703,0.021310909
5704,0.035452075
5705,0.004717803
5706,0.0040926775
5707,0.005746219
5708,0.0036200942
5709,0.1705094
5710,0.0077572437
5711,0.050562266
5712,0.1489926
5714,0.0071150493
5715,0.011115538
5716,0.011477466
5717,0.016949566
5718,0.31000486
5719,0.005595088
5720,0.011293893
5722,0.0018962766
5723,0.06198339
5724,0.052350212
5725,0.0062882067
5727,0.0036077932
5728,0.102556616
5729,0.006141124
5730,0.0053421385
5731,0.0041702287
5732,0.002128429
5733,0.0028950197
5734,0.011132879
5735,0.09971818
5736,0.0072526224
5737,0.0060458514
5738,0.0013643035
5739,0.05021389
5740,0.023732768
5741,0.018768696
5742,0.0015602125
5743,0.15457751
5744,0.0040174397
5745,0.23373742
5746,0.84207034
5747,0.2679741
5749,0.19078018
5751,0.31550843
5752,0.085853286
5753,0.79353034
5755,0.46649724
5756,0.07477983
5757,0.81381166
5758,0.6542954
5759,0.41405395
5761,0.25672737
5762,0.32651412
5763,0.5270065
5764,0.36312136
5767,0.4814956
5768,0.6069683
5770,0.030821394
5771,0.08651764
5772,0.0033015735
5773,0.22750312
5774,0.111436285
5775,0.109170824
5776,0.40732816
5777,0.47695112
5778,0.3597923
5780,0.47078344
5781,0.25952208
5783,0.36314705
5784,0.8175622
5786,0.5804548
5787,0.47827747
5790,0.47442853
5791,0.016199984
5794,0.14274335
5795,0.38354763
5797,0.04194445
5798,0.7753893
5799,0.7789725
5802,0.24788637
5804,0.28041902
5807,0.8325706
5808,0.13500258
5809,0.24699914
5810,0.07695017
5811,0.2938115
5813,0.49625525
5814,0.005580441
5815,0.3080556
5818,0.6472387
5819,0.0056272764
5820,0.66172737
5821,0.74798954
5822,0.3403167
5824,0.801202
5825,0.35375085
5827,0.5938352
5828,0.44451696
5829,0.08949408
5830,0.8310985
5831,0.02147036
5835,0.5778892
5836,0.871614
5837,0.31524327
5839,0.34570676
5841,0.77285427
5842,0.11454221
5845,0.5652132
5846,0.448479
5847,0.022785237
5850,0.42626214
5852,0.3501186
5855,0.30709425
5858,0.37674674
5859,0.668754
5860,0.010946255
5861,0.6851992
5862,0.34522957
5864,0.5767175
5866,0.321887
5867,0.3215629
5868,0.64209247
5869,0.010202132
5870,0.24658214
5871,0.09284706
5872,0.59138095
5873,0.5588138
5874,0.4489125
5875,0.18531536
5879,0.60431993
5880,0.8333576
5881,0.7271484
5885,0.73701584
5886,0.056724027
5887,0.3702677
5889,0.2648835
5890,0.45401073
5894,0.005169472
5897,0.5031542
5900,0.28669772
5902,0.0009990942
5904,0.5730309
5905,0.17946222
5906,0.6790783
5911,0.80317354
5914,0.4987275
5917,0.17361611
5918,0.25294524
5919,0.45424387
5920,0.0030931002
5922,0.7553943
5928,0.42391557
5929,0.18093085
5930,0.032061834
5931,0.21221863
5936,0.6902417
5937,0.811263
5939,0.62060285
5940,0.73823434
5942,0.047007438
5943,0.46243525
